parcela,tratamiento,lote,finca_id,productor_finca,variable,unidad,resultado_original,valor,operador,limite_reportado,estado
Pina_1,Pina,1,1,Victor Trejos Sanchez,ph,adimensional,4.5,4.5,=,,cuantificado
Pina_1,Pina,1,1,Victor Trejos Sanchez,acidez,cmol(+)/L,2.26,2.26,=,,cuantificado
Pina_1,Pina,1,1,Victor Trejos Sanchez,ca,cmol(+)/L,1.72,1.72,=,,cuantificado
Pina_1,Pina,1,1,Victor Trejos Sanchez,mg,cmol(+)/L,0.38,0.38,=,,cuantificado
Pina_1,Pina,1,1,Victor Trejos Sanchez,k,cmol(+)/L,0.25,0.25,=,,cuantificado
Pina_1,Pina,1,1,Victor Trejos Sanchez,cice,cmol(+)/L,4.61,4.61,=,,cuantificado
Pina_1,Pina,1,1,Victor Trejos Sanchez,sa,%,49,49.0,=,,cuantificado
Pina_1,Pina,1,1,Victor Trejos Sanchez,p,mg/L,3,3.0,=,,cuantificado
Pina_1,Pina,1,1,Victor Trejos Sanchez,zn,mg/L,2.7,2.7,=,,cuantificado
Pina_1,Pina,1,1,Victor Trejos Sanchez,cu,mg/L,9,9.0,=,,cuantificado
Pina_1,Pina,1,1,Victor Trejos Sanchez,fe,mg/L,141,141.0,=,,cuantificado
Pina_1,Pina,1,1,Victor Trejos Sanchez,mn,mg/L,82,82.0,=,,cuantificado
Pina_1,Pina,1,1,Victor Trejos Sanchez,ce,mS/cm,0.4,0.4,=,,cuantificado
Pina_1,Pina,1,1,Victor Trejos Sanchez,c,%,1.51,1.51,=,,cuantificado
Pina_1,Pina,1,1,Victor Trejos Sanchez,n,%,0.17,0.17,=,,cuantificado
Pina_1,Pina,1,1,Victor Trejos Sanchez,c_n,adimensional,8.9,8.9,=,,cuantificado
Pina_2,Pina,2,2,Alonso Chacon ultima fica,ph,adimensional,4.6,4.6,=,,cuantificado
Pina_2,Pina,2,2,Alonso Chacon ultima fica,acidez,cmol(+)/L,1.45,1.45,=,,cuantificado
Pina_2,Pina,2,2,Alonso Chacon ultima fica,ca,cmol(+)/L,2.8,2.8,=,,cuantificado
Pina_2,Pina,2,2,Alonso Chacon ultima fica,mg,cmol(+)/L,0.56,0.56,=,,cuantificado
Pina_2,Pina,2,2,Alonso Chacon ultima fica,k,cmol(+)/L,0.21,0.21,=,,cuantificado
Pina_2,Pina,2,2,Alonso Chacon ultima fica,cice,cmol(+)/L,5.02,5.02,=,,cuantificado
Pina_2,Pina,2,2,Alonso Chacon ultima fica,sa,%,28.9,28.9,=,,cuantificado
Pina_2,Pina,2,2,Alonso Chacon ultima fica,p,mg/L,3,3.0,=,,cuantificado
Pina_2,Pina,2,2,Alonso Chacon ultima fica,zn,mg/L,6.7,6.7,=,,cuantificado
Pina_2,Pina,2,2,Alonso Chacon ultima fica,cu,mg/L,16,16.0,=,,cuantificado
Pina_2,Pina,2,2,Alonso Chacon ultima fica,fe,mg/L,159,159.0,=,,cuantificado
Pina_2,Pina,2,2,Alonso Chacon ultima fica,mn,mg/L,133,133.0,=,,cuantificado
Pina_2,Pina,2,2,Alonso Chacon ultima fica,ce,mS/cm,0.3,0.3,=,,cuantificado
Pina_2,Pina,2,2,Alonso Chacon ultima fica,c,%,2.43,2.43,=,,cuantificado
Pina_2,Pina,2,2,Alonso Chacon ultima fica,n,%,0.3,0.3,=,,cuantificado
Pina_2,Pina,2,2,Alonso Chacon ultima fica,c_n,adimensional,8.1,8.1,=,,cuantificado
Pina_3,Pina,3,3,Misael Rojas Solis,ph,adimensional,4.4,4.4,=,,cuantificado
Pina_3,Pina,3,3,Misael Rojas Solis,acidez,cmol(+)/L,2.07,2.07,=,,cuantificado
Pina_3,Pina,3,3,Misael Rojas Solis,ca,cmol(+)/L,2.27,2.27,=,,cuantificado
Pina_3,Pina,3,3,Misael Rojas Solis,mg,cmol(+)/L,1.1,1.1,=,,cuantificado
Pina_3,Pina,3,3,Misael Rojas Solis,k,cmol(+)/L,0.18,0.18,=,,cuantificado
Pina_3,Pina,3,3,Misael Rojas Solis,cice,cmol(+)/L,5.62,5.62,=,,cuantificado
Pina_3,Pina,3,3,Misael Rojas Solis,sa,%,36.8,36.8,=,,cuantificado
Pina_3,Pina,3,3,Misael Rojas Solis,p,mg/L,2,2.0,=,,cuantificado
Pina_3,Pina,3,3,Misael Rojas Solis,zn,mg/L,5,5.0,=,,cuantificado
Pina_3,Pina,3,3,Misael Rojas Solis,cu,mg/L,14,14.0,=,,cuantificado
Pina_3,Pina,3,3,Misael Rojas Solis,fe,mg/L,165,165.0,=,,cuantificado
Pina_3,Pina,3,3,Misael Rojas Solis,mn,mg/L,206,206.0,=,,cuantificado
Pina_3,Pina,3,3,Misael Rojas Solis,ce,mS/cm,0.4,0.4,=,,cuantificado
Pina_3,Pina,3,3,Misael Rojas Solis,c,%,1.87,1.87,=,,cuantificado
Pina_3,Pina,3,3,Misael Rojas Solis,n,%,0.23,0.23,=,,cuantificado
Pina_3,Pina,3,3,Misael Rojas Solis,c_n,adimensional,8.1,8.1,=,,cuantificado
Pina_4,Pina,4,4,Sergio Rojas Murillo,ph,adimensional,4.5,4.5,=,,cuantificado
Pina_4,Pina,4,4,Sergio Rojas Murillo,acidez,cmol(+)/L,2.24,2.24,=,,cuantificado
Pina_4,Pina,4,4,Sergio Rojas Murillo,ca,cmol(+)/L,0.67,0.67,=,,cuantificado
Pina_4,Pina,4,4,Sergio Rojas Murillo,mg,cmol(+)/L,0.03,0.03,=,,cuantificado
Pina_4,Pina,4,4,Sergio Rojas Murillo,k,cmol(+)/L,0.11,0.11,=,,cuantificado
Pina_4,Pina,4,4,Sergio Rojas Murillo,cice,cmol(+)/L,3.05,3.05,=,,cuantificado
Pina_4,Pina,4,4,Sergio Rojas Murillo,sa,%,73.4,73.4,=,,cuantificado
Pina_4,Pina,4,4,Sergio Rojas Murillo,p,mg/L,1,1.0,=,,cuantificado
Pina_4,Pina,4,4,Sergio Rojas Murillo,zn,mg/L,3.8,3.8,=,,cuantificado
Pina_4,Pina,4,4,Sergio Rojas Murillo,cu,mg/L,9,9.0,=,,cuantificado
Pina_4,Pina,4,4,Sergio Rojas Murillo,fe,mg/L,146,146.0,=,,cuantificado
Pina_4,Pina,4,4,Sergio Rojas Murillo,mn,mg/L,151,151.0,=,,cuantificado
Pina_4,Pina,4,4,Sergio Rojas Murillo,ce,mS/cm,0.2,0.2,=,,cuantificado
Pina_4,Pina,4,4,Sergio Rojas Murillo,c,%,2.23,2.23,=,,cuantificado
Pina_4,Pina,4,4,Sergio Rojas Murillo,n,%,0.26,0.26,=,,cuantificado
Pina_4,Pina,4,4,Sergio Rojas Murillo,c_n,adimensional,8.6,8.6,=,,cuantificado
Pina_5,Pina,5,5,Sergio Rojas Murillo,ph,adimensional,4.7,4.7,=,,cuantificado
Pina_5,Pina,5,5,Sergio Rojas Murillo,acidez,cmol(+)/L,0.79,0.79,=,,cuantificado
Pina_5,Pina,5,5,Sergio Rojas Murillo,ca,cmol(+)/L,2.13,2.13,=,,cuantificado
Pina_5,Pina,5,5,Sergio Rojas Murillo,mg,cmol(+)/L,0.54,0.54,=,,cuantificado
Pina_5,Pina,5,5,Sergio Rojas Murillo,k,cmol(+)/L,0.1,0.1,=,,cuantificado
Pina_5,Pina,5,5,Sergio Rojas Murillo,cice,cmol(+)/L,3.56,3.56,=,,cuantificado
Pina_5,Pina,5,5,Sergio Rojas Murillo,sa,%,22.2,22.2,=,,cuantificado
Pina_5,Pina,5,5,Sergio Rojas Murillo,p,mg/L,1,1.0,=,,cuantificado
Pina_5,Pina,5,5,Sergio Rojas Murillo,zn,mg/L,5.9,5.9,=,,cuantificado
Pina_5,Pina,5,5,Sergio Rojas Murillo,cu,mg/L,14,14.0,=,,cuantificado
Pina_5,Pina,5,5,Sergio Rojas Murillo,fe,mg/L,138,138.0,=,,cuantificado
Pina_5,Pina,5,5,Sergio Rojas Murillo,mn,mg/L,155,155.0,=,,cuantificado
Pina_5,Pina,5,5,Sergio Rojas Murillo,ce,mS/cm,0.3,0.3,=,,cuantificado
Pina_5,Pina,5,5,Sergio Rojas Murillo,c,%,2.83,2.83,=,,cuantificado
Pina_5,Pina,5,5,Sergio Rojas Murillo,n,%,0.33,0.33,=,,cuantificado
Pina_5,Pina,5,5,Sergio Rojas Murillo,c_n,adimensional,8.6,8.6,=,,cuantificado
Pina_6,Pina,6,6,Marvin Zamora,ph,adimensional,4.3,4.3,=,,cuantificado
Pina_6,Pina,6,6,Marvin Zamora,acidez,cmol(+)/L,2.27,2.27,=,,cuantificado
Pina_6,Pina,6,6,Marvin Zamora,ca,cmol(+)/L,0.67,0.67,=,,cuantificado
Pina_6,Pina,6,6,Marvin Zamora,mg,cmol(+)/L,0.11,0.11,=,,cuantificado
Pina_6,Pina,6,6,Marvin Zamora,k,cmol(+)/L,0.26,0.26,=,,cuantificado
Pina_6,Pina,6,6,Marvin Zamora,cice,cmol(+)/L,3.31,3.31,=,,cuantificado
Pina_6,Pina,6,6,Marvin Zamora,sa,%,68.6,68.6,=,,cuantificado
Pina_6,Pina,6,6,Marvin Zamora,p,mg/L,2,2.0,=,,cuantificado
Pina_6,Pina,6,6,Marvin Zamora,zn,mg/L,4.4,4.4,=,,cuantificado
Pina_6,Pina,6,6,Marvin Zamora,cu,mg/L,9,9.0,=,,cuantificado
Pina_6,Pina,6,6,Marvin Zamora,fe,mg/L,132,132.0,=,,cuantificado
Pina_6,Pina,6,6,Marvin Zamora,mn,mg/L,97,97.0,=,,cuantificado
Pina_6,Pina,6,6,Marvin Zamora,ce,mS/cm,0.5,0.5,=,,cuantificado
Pina_6,Pina,6,6,Marvin Zamora,c,%,1.82,1.82,=,,cuantificado
Pina_6,Pina,6,6,Marvin Zamora,n,%,0.21,0.21,=,,cuantificado
Pina_6,Pina,6,6,Marvin Zamora,c_n,adimensional,8.7,8.7,=,,cuantificado
Pina_7,Pina,7,7,Adrian Rodriguez Varela,ph,adimensional,5.1,5.1,=,,cuantificado
Pina_7,Pina,7,7,Adrian Rodriguez Varela,acidez,cmol(+)/L,0.36,0.36,=,,cuantificado
Pina_7,Pina,7,7,Adrian Rodriguez Varela,ca,cmol(+)/L,4.75,4.75,=,,cuantificado
Pina_7,Pina,7,7,Adrian Rodriguez Varela,mg,cmol(+)/L,0.25,0.25,=,,cuantificado
Pina_7,Pina,7,7,Adrian Rodriguez Varela,k,cmol(+)/L,0.24,0.24,=,,cuantificado
Pina_7,Pina,7,7,Adrian Rodriguez Varela,cice,cmol(+)/L,5.6,5.6,=,,cuantificado
Pina_7,Pina,7,7,Adrian Rodriguez Varela,sa,%,6.4,6.4,=,,cuantificado
Pina_7,Pina,7,7,Adrian Rodriguez Varela,p,mg/L,1,1.0,=,,cuantificado
Pina_7,Pina,7,7,Adrian Rodriguez Varela,zn,mg/L,4.7,4.7,=,,cuantificado
Pina_7,Pina,7,7,Adrian Rodriguez Varela,cu,mg/L,9,9.0,=,,cuantificado
Pina_7,Pina,7,7,Adrian Rodriguez Varela,fe,mg/L,109,109.0,=,,cuantificado
Pina_7,Pina,7,7,Adrian Rodriguez Varela,mn,mg/L,57,57.0,=,,cuantificado
Pina_7,Pina,7,7,Adrian Rodriguez Varela,ce,mS/cm,0.3,0.3,=,,cuantificado
Pina_7,Pina,7,7,Adrian Rodriguez Varela,c,%,1.87,1.87,=,,cuantificado
Pina_7,Pina,7,7,Adrian Rodriguez Varela,n,%,0.21,0.21,=,,cuantificado
Pina_7,Pina,7,7,Adrian Rodriguez Varela,c_n,adimensional,8.9,8.9,=,,cuantificado
Pina_8,Pina,8,8,Senen Murillo chavez,ph,adimensional,4.4,4.4,=,,cuantificado
Pina_8,Pina,8,8,Senen Murillo chavez,acidez,cmol(+)/L,1.66,1.66,=,,cuantificado
Pina_8,Pina,8,8,Senen Murillo chavez,ca,cmol(+)/L,1.71,1.71,=,,cuantificado
Pina_8,Pina,8,8,Senen Murillo chavez,mg,cmol(+)/L,0.12,0.12,=,,cuantificado
Pina_8,Pina,8,8,Senen Murillo chavez,k,cmol(+)/L,0.12,0.12,=,,cuantificado
Pina_8,Pina,8,8,Senen Murillo chavez,cice,cmol(+)/L,3.61,3.61,=,,cuantificado
Pina_8,Pina,8,8,Senen Murillo chavez,sa,%,46,46.0,=,,cuantificado
Pina_8,Pina,8,8,Senen Murillo chavez,p,mg/L,1,1.0,=,,cuantificado
Pina_8,Pina,8,8,Senen Murillo chavez,zn,mg/L,4,4.0,=,,cuantificado
Pina_8,Pina,8,8,Senen Murillo chavez,cu,mg/L,15,15.0,=,,cuantificado
Pina_8,Pina,8,8,Senen Murillo chavez,fe,mg/L,173,173.0,=,,cuantificado
Pina_8,Pina,8,8,Senen Murillo chavez,mn,mg/L,67,67.0,=,,cuantificado
Pina_8,Pina,8,8,Senen Murillo chavez,ce,mS/cm,0.5,0.5,=,,cuantificado
Pina_8,Pina,8,8,Senen Murillo chavez,c,%,2.93,2.93,=,,cuantificado
Pina_8,Pina,8,8,Senen Murillo chavez,n,%,0.32,0.32,=,,cuantificado
Pina_8,Pina,8,8,Senen Murillo chavez,c_n,adimensional,9.2,9.2,=,,cuantificado
Bosque_1,Bosque,1,1,Victor Trejos Sanchez,ph,adimensional,4.3,4.3,=,,cuantificado
Bosque_1,Bosque,1,1,Victor Trejos Sanchez,acidez,cmol(+)/L,3.05,3.05,=,,cuantificado
Bosque_1,Bosque,1,1,Victor Trejos Sanchez,ca,cmol(+)/L,2,2.0,=,,cuantificado
Bosque_1,Bosque,1,1,Victor Trejos Sanchez,mg,cmol(+)/L,0.62,0.62,=,,cuantificado
Bosque_1,Bosque,1,1,Victor Trejos Sanchez,k,cmol(+)/L,0.2,0.2,=,,cuantificado
Bosque_1,Bosque,1,1,Victor Trejos Sanchez,cice,cmol(+)/L,5.87,5.87,=,,cuantificado
Bosque_1,Bosque,1,1,Victor Trejos Sanchez,sa,%,52,52.0,=,,cuantificado
Bosque_1,Bosque,1,1,Victor Trejos Sanchez,p,mg/L,<1,,<,1.0,censurado
Bosque_1,Bosque,1,1,Victor Trejos Sanchez,zn,mg/L,3.3,3.3,=,,cuantificado
Bosque_1,Bosque,1,1,Victor Trejos Sanchez,cu,mg/L,10,10.0,=,,cuantificado
Bosque_1,Bosque,1,1,Victor Trejos Sanchez,fe,mg/L,241,241.0,=,,cuantificado
Bosque_1,Bosque,1,1,Victor Trejos Sanchez,mn,mg/L,66,66.0,=,,cuantificado
Bosque_1,Bosque,1,1,Victor Trejos Sanchez,ce,mS/cm,0.6,0.6,=,,cuantificado
Bosque_1,Bosque,1,1,Victor Trejos Sanchez,c,%,2.83,2.83,=,,cuantificado
Bosque_1,Bosque,1,1,Victor Trejos Sanchez,n,%,0.3,0.3,=,,cuantificado
Bosque_1,Bosque,1,1,Victor Trejos Sanchez,c_n,adimensional,9.4,9.4,=,,cuantificado
Bosque_2,Bosque,2,3,Misael Rojas Solis,ph,adimensional,5.2,5.2,=,,cuantificado
Bosque_2,Bosque,2,3,Misael Rojas Solis,acidez,cmol(+)/L,0.21,0.21,=,,cuantificado
Bosque_2,Bosque,2,3,Misael Rojas Solis,ca,cmol(+)/L,6.75,6.75,=,,cuantificado
Bosque_2,Bosque,2,3,Misael Rojas Solis,mg,cmol(+)/L,3.11,3.11,=,,cuantificado
Bosque_2,Bosque,2,3,Misael Rojas Solis,k,cmol(+)/L,0.38,0.38,=,,cuantificado
Bosque_2,Bosque,2,3,Misael Rojas Solis,cice,cmol(+)/L,10.45,10.45,=,,cuantificado
Bosque_2,Bosque,2,3,Misael Rojas Solis,sa,%,2,2.0,=,,cuantificado
Bosque_2,Bosque,2,3,Misael Rojas Solis,p,mg/L,<1,,<,1.0,censurado
Bosque_2,Bosque,2,3,Misael Rojas Solis,zn,mg/L,2.6,2.6,=,,cuantificado
Bosque_2,Bosque,2,3,Misael Rojas Solis,cu,mg/L,18,18.0,=,,cuantificado
Bosque_2,Bosque,2,3,Misael Rojas Solis,fe,mg/L,223,223.0,=,,cuantificado
Bosque_2,Bosque,2,3,Misael Rojas Solis,mn,mg/L,56,56.0,=,,cuantificado
Bosque_2,Bosque,2,3,Misael Rojas Solis,ce,mS/cm,0.7,0.7,=,,cuantificado
Bosque_2,Bosque,2,3,Misael Rojas Solis,c,%,3.34,3.34,=,,cuantificado
Bosque_2,Bosque,2,3,Misael Rojas Solis,n,%,0.34,0.34,=,,cuantificado
Bosque_2,Bosque,2,3,Misael Rojas Solis,c_n,adimensional,9.8,9.8,=,,cuantificado
Bosque_3,Bosque,3,4,Sergio Rojas Murillo,ph,adimensional,4.7,4.7,=,,cuantificado
Bosque_3,Bosque,3,4,Sergio Rojas Murillo,acidez,cmol(+)/L,1.47,1.47,=,,cuantificado
Bosque_3,Bosque,3,4,Sergio Rojas Murillo,ca,cmol(+)/L,2.53,2.53,=,,cuantificado
Bosque_3,Bosque,3,4,Sergio Rojas Murillo,mg,cmol(+)/L,1.31,1.31,=,,cuantificado
Bosque_3,Bosque,3,4,Sergio Rojas Murillo,k,cmol(+)/L,0.18,0.18,=,,cuantificado
Bosque_3,Bosque,3,4,Sergio Rojas Murillo,cice,cmol(+)/L,5.49,5.49,=,,cuantificado
Bosque_3,Bosque,3,4,Sergio Rojas Murillo,sa,%,26.8,26.8,=,,cuantificado
Bosque_3,Bosque,3,4,Sergio Rojas Murillo,p,mg/L,1,1.0,=,,cuantificado
Bosque_3,Bosque,3,4,Sergio Rojas Murillo,zn,mg/L,2.8,2.8,=,,cuantificado
Bosque_3,Bosque,3,4,Sergio Rojas Murillo,cu,mg/L,10,10.0,=,,cuantificado
Bosque_3,Bosque,3,4,Sergio Rojas Murillo,fe,mg/L,213,213.0,=,,cuantificado
Bosque_3,Bosque,3,4,Sergio Rojas Murillo,mn,mg/L,177,177.0,=,,cuantificado
Bosque_3,Bosque,3,4,Sergio Rojas Murillo,ce,mS/cm,0.6,0.6,=,,cuantificado
Bosque_3,Bosque,3,4,Sergio Rojas Murillo,c,%,3.45,3.45,=,,cuantificado
Bosque_3,Bosque,3,4,Sergio Rojas Murillo,n,%,0.32,0.32,=,,cuantificado
Bosque_3,Bosque,3,4,Sergio Rojas Murillo,c_n,adimensional,10.8,10.8,=,,cuantificado
Bosque_4,Bosque,4,5,Sergio Rojas Murillo,ph,adimensional,4.4,4.4,=,,cuantificado
Bosque_4,Bosque,4,5,Sergio Rojas Murillo,acidez,cmol(+)/L,3.34,3.34,=,,cuantificado
Bosque_4,Bosque,4,5,Sergio Rojas Murillo,ca,cmol(+)/L,2.07,2.07,=,,cuantificado
Bosque_4,Bosque,4,5,Sergio Rojas Murillo,mg,cmol(+)/L,0.61,0.61,=,,cuantificado
Bosque_4,Bosque,4,5,Sergio Rojas Murillo,k,cmol(+)/L,0.22,0.22,=,,cuantificado
Bosque_4,Bosque,4,5,Sergio Rojas Murillo,cice,cmol(+)/L,6.24,6.24,=,,cuantificado
Bosque_4,Bosque,4,5,Sergio Rojas Murillo,sa,%,53.5,53.5,=,,cuantificado
Bosque_4,Bosque,4,5,Sergio Rojas Murillo,p,mg/L,<1,,<,1.0,censurado
Bosque_4,Bosque,4,5,Sergio Rojas Murillo,zn,mg/L,2,2.0,=,,cuantificado
Bosque_4,Bosque,4,5,Sergio Rojas Murillo,cu,mg/L,9,9.0,=,,cuantificado
Bosque_4,Bosque,4,5,Sergio Rojas Murillo,fe,mg/L,282,282.0,=,,cuantificado
Bosque_4,Bosque,4,5,Sergio Rojas Murillo,mn,mg/L,129,129.0,=,,cuantificado
Bosque_4,Bosque,4,5,Sergio Rojas Murillo,ce,mS/cm,0.6,0.6,=,,cuantificado
Bosque_4,Bosque,4,5,Sergio Rojas Murillo,c,%,3.2,3.2,=,,cuantificado
Bosque_4,Bosque,4,5,Sergio Rojas Murillo,n,%,0.35,0.35,=,,cuantificado
Bosque_4,Bosque,4,5,Sergio Rojas Murillo,c_n,adimensional,9.1,9.1,=,,cuantificado
