finca_id,tratamiento,lote,parcela,productor_ficha,fecha_ficha,fuente_diseno
1,Pina,1,Pina_1,Victor Trejos Sanchez,2026-02-03,PIÑA FINCAS PRODUCTORAS .xlsx
1,Bosque,1,Bosque_1,,2026-02-03,PIÑA FINCAS PRODUCTORAS .xlsx
2,Pina,2,Pina_2,Alonso Chacon ultima fica,2026-02-04,PIÑA FINCAS PRODUCTORAS .xlsx
3,Pina,3,Pina_3,Misael Rojas Solis,2026-02-03,PIÑA FINCAS PRODUCTORAS .xlsx
3,Bosque,2,Bosque_2,,2026-02-03,PIÑA FINCAS PRODUCTORAS .xlsx
4,Pina,4,Pina_4,Sergio Rojas Murillo,2026-02-03,PIÑA FINCAS PRODUCTORAS .xlsx
4,Bosque,3,Bosque_3,,2026-02-03,PIÑA FINCAS PRODUCTORAS .xlsx
5,Pina,5,Pina_5,Sergio Rojas Murillo,2026-02-03,PIÑA FINCAS PRODUCTORAS .xlsx
5,Bosque,4,Bosque_4,,2026-02-03,PIÑA FINCAS PRODUCTORAS .xlsx
6,Pina,6,Pina_6,Marvin Zamora,2026-02-04,PIÑA FINCAS PRODUCTORAS .xlsx
7,Pina,7,Pina_7,Adrian Rodriguez Varela,2026-02-04,PIÑA FINCAS PRODUCTORAS .xlsx
8,Pina,8,Pina_8,Senen Murillo chavez,2026-02-04,PIÑA FINCAS PRODUCTORAS .xlsx
