tabla,id_usuario,id_lab,densidad_aparente_g_cm_3,densidad_particulas_g_cm_3,porosidad,xls_origen,id_usuario_normalizado,zona,tratamiento,lote,repeticion,productor,arena,limo,arcilla,clase_textural,estabilidad_de_agregados,humedad_gravimetrica_0_33_bar,humedad_gravimetrica_15_bar,agua_util
textural,Pina 8 SENEN MURILLO R1,RN-26-00887,,,,99444 PROYECTO VI-813-C6469 CIPROC RN869-898,Pina 8 SENEN MURILLO R1,Pina,Pina,8,1,SENEN MURILLO,13.0,23.0,64.0,Arcilloso,97.0,,,
textural,Pina 8 SENEN MURILLO R2,RN-26-00888,,,,99444 PROYECTO VI-813-C6469 CIPROC RN869-898,Pina 8 SENEN MURILLO R2,Pina,Pina,8,2,SENEN MURILLO,10.0,25.0,65.0,Arcilloso,98.0,,,
textural,Pina 8 SENEN MURILLO R3,RN-26-00889,,,,99444 PROYECTO VI-813-C6469 CIPROC RN869-898,Pina 8 SENEN MURILLO R3,Pina,Pina,8,3,SENEN MURILLO,10.0,25.0,65.0,Arcilloso,96.0,,,
textural,Pina 8 SENEN MURILLO R1,RN-26-00887,,,,Pina_Finca8_99444 PROYECTO VI-813-C6469 CIPROC RN869-898,Pina 8 SENEN MURILLO R1,Pina,Pina,8,1,SENEN MURILLO,13.0,23.0,64.0,Arcilloso,97.0,,,
textural,Pina 8 SENEN MURILLO R2,RN-26-00888,,,,Pina_Finca8_99444 PROYECTO VI-813-C6469 CIPROC RN869-898,Pina 8 SENEN MURILLO R2,Pina,Pina,8,2,SENEN MURILLO,10.0,25.0,65.0,Arcilloso,98.0,,,
textural,Pina 8 SENEN MURILLO R3,RN-26-00889,,,,Pina_Finca8_99444 PROYECTO VI-813-C6469 CIPROC RN869-898,Pina 8 SENEN MURILLO R3,Pina,Pina,8,3,SENEN MURILLO,10.0,25.0,65.0,Arcilloso,96.0,,,
retencion_humedad,Pina 8 SENEN MURILLO R1,RN-26-00887,,,,99444 PROYECTO VI-813-C6469 CIPROC RN869-898,Pina 8 SENEN MURILLO R1,Pina,Pina,8,1,SENEN MURILLO,,,,,,43.89,28.09,15.8
retencion_humedad,Pina 8 SENEN MURILLO R2,RN-26-00888,,,,99444 PROYECTO VI-813-C6469 CIPROC RN869-898,Pina 8 SENEN MURILLO R2,Pina,Pina,8,2,SENEN MURILLO,,,,,,44.02,28.62,15.400000000000002
retencion_humedad,Pina 8 SENEN MURILLO R3,RN-26-00889,,,,99444 PROYECTO VI-813-C6469 CIPROC RN869-898,Pina 8 SENEN MURILLO R3,Pina,Pina,8,3,SENEN MURILLO,,,,,,55.9,29.69,26.209999999999997
retencion_humedad,Pina 8 SENEN MURILLO R1,RN-26-00887,,,,Pina_Finca8_99444 PROYECTO VI-813-C6469 CIPROC RN869-898,Pina 8 SENEN MURILLO R1,Pina,Pina,8,1,SENEN MURILLO,,,,,,43.89,28.09,15.8
retencion_humedad,Pina 8 SENEN MURILLO R2,RN-26-00888,,,,Pina_Finca8_99444 PROYECTO VI-813-C6469 CIPROC RN869-898,Pina 8 SENEN MURILLO R2,Pina,Pina,8,2,SENEN MURILLO,,,,,,44.02,28.62,15.400000000000002
retencion_humedad,Pina 8 SENEN MURILLO R3,RN-26-00889,,,,Pina_Finca8_99444 PROYECTO VI-813-C6469 CIPROC RN869-898,Pina 8 SENEN MURILLO R3,Pina,Pina,8,3,SENEN MURILLO,,,,,,55.9,29.69,26.209999999999997
