tabla,variable,indicador,unidad,finca_id,lote_pina,parcela_pina,media_pina,n_validos_pina,lote_bosque,parcela_bosque,media_bosque,n_validos_bosque,diferencia_pina_menos_bosque,cambio_relativo_pct,unidad_diferencia
densidad_porosidad,densidad_aparente_g_cm_3,Densidad aparente,g/cm³,1,1,Pina_1,0.7637499999999999,8,1,Bosque_1,0.85625,8,-0.09250000000000003,-10.802919708029203,g/cm³
densidad_porosidad,densidad_particulas_g_cm_3,Densidad de partículas,g/cm³,1,1,Pina_1,2.5787500000000003,8,1,Bosque_1,2.7074999999999996,8,-0.12874999999999925,-4.755309325946418,g/cm³
densidad_porosidad,porosidad,Porosidad,%,1,1,Pina_1,70.3741882474929,8,1,Bosque_1,68.36204351730404,8,2.012144730188851,2.943365392053457,puntos porcentuales
densidad_porosidad,densidad_aparente_g_cm_3,Densidad aparente,g/cm³,3,3,Pina_3,0.89125,8,2,Bosque_2,0.7375,8,0.15374999999999994,20.847457627118636,g/cm³
densidad_porosidad,densidad_particulas_g_cm_3,Densidad de partículas,g/cm³,3,3,Pina_3,2.5662499999999997,8,2,Bosque_2,2.505,8,0.061249999999999805,2.445109780439114,g/cm³
densidad_porosidad,porosidad,Porosidad,%,3,3,Pina_3,65.27606168934457,8,2,Bosque_2,70.55554479513242,8,-5.279483105787847,-7.482733102150286,puntos porcentuales
densidad_porosidad,densidad_aparente_g_cm_3,Densidad aparente,g/cm³,4,4,Pina_4,0.92625,8,3,Bosque_3,0.8374999999999999,8,0.0887500000000001,10.597014925373148,g/cm³
densidad_porosidad,densidad_particulas_g_cm_3,Densidad de partículas,g/cm³,4,4,Pina_4,2.49125,8,3,Bosque_3,2.46875,8,0.022499999999999964,0.9113924050632897,g/cm³
densidad_porosidad,porosidad,Porosidad,%,4,4,Pina_4,62.779271883866954,8,3,Bosque_3,66.10563803913485,8,-3.326366155267891,-5.031894788306357,puntos porcentuales
densidad_porosidad,densidad_aparente_g_cm_3,Densidad aparente,g/cm³,5,5,Pina_5,0.875,8,4,Bosque_4,0.73125,8,0.14375000000000004,19.658119658119663,g/cm³
densidad_porosidad,densidad_particulas_g_cm_3,Densidad de partículas,g/cm³,5,5,Pina_5,2.60625,8,4,Bosque_4,2.46875,8,0.13750000000000018,5.569620253164564,g/cm³
densidad_porosidad,porosidad,Porosidad,%,5,5,Pina_5,66.42775114747077,8,4,Bosque_4,70.40862190144155,8,-3.980870753970777,-5.653953516578163,puntos porcentuales
retencion_humedad,humedad_gravimetrica_0_33_bar,"Humedad gravimétrica a 0,33 bar",%,1,1,Pina_1,41.21333333333333,3,1,Bosque_1,60.76,3,-19.546666666666667,-32.17028746982664,puntos porcentuales
retencion_humedad,humedad_gravimetrica_15_bar,Humedad gravimétrica a 15 bar,%,1,1,Pina_1,25.816666666666666,3,1,Bosque_1,30.046666666666667,3,-4.23,-14.078100732194367,puntos porcentuales
retencion_humedad,agua_util,Agua útil gravimétrica,%,1,1,Pina_1,15.396666666666667,3,1,Bosque_1,30.713333333333335,3,-15.316666666666668,-49.86976340351639,puntos porcentuales
retencion_humedad,humedad_gravimetrica_0_33_bar,"Humedad gravimétrica a 0,33 bar",%,3,3,Pina_3,40.79333333333333,3,2,Bosque_2,69.18,3,-28.386666666666677,-41.033053869133674,puntos porcentuales
retencion_humedad,humedad_gravimetrica_15_bar,Humedad gravimétrica a 15 bar,%,3,3,Pina_3,28.53,3,2,Bosque_2,32.449999999999996,3,-3.9199999999999946,-12.080123266563929,puntos porcentuales
retencion_humedad,agua_util,Agua útil gravimétrica,%,3,3,Pina_3,12.263333333333335,3,2,Bosque_2,36.73,3,-24.46666666666666,-66.61221526454305,puntos porcentuales
retencion_humedad,humedad_gravimetrica_0_33_bar,"Humedad gravimétrica a 0,33 bar",%,4,4,Pina_4,39.63333333333333,3,3,Bosque_3,51.75666666666667,3,-12.123333333333335,-23.423713531268117,puntos porcentuales
retencion_humedad,humedad_gravimetrica_15_bar,Humedad gravimétrica a 15 bar,%,4,4,Pina_4,25.046666666666667,3,3,Bosque_3,27.849999999999998,3,-2.803333333333331,-10.065828845002985,puntos porcentuales
retencion_humedad,agua_util,Agua útil gravimétrica,%,4,4,Pina_4,14.586666666666668,3,3,Bosque_3,23.906666666666666,3,-9.319999999999999,-38.98494143892916,puntos porcentuales
retencion_humedad,humedad_gravimetrica_0_33_bar,"Humedad gravimétrica a 0,33 bar",%,5,5,Pina_5,47.06333333333333,3,4,Bosque_4,79.11333333333333,3,-32.05,-40.511502485885224,puntos porcentuales
retencion_humedad,humedad_gravimetrica_15_bar,Humedad gravimétrica a 15 bar,%,5,5,Pina_5,25.436666666666667,3,4,Bosque_4,29.363333333333333,3,-3.926666666666666,-13.372687024633894,puntos porcentuales
retencion_humedad,agua_util,Agua útil gravimétrica,%,5,5,Pina_5,21.626666666666665,3,4,Bosque_4,49.75,3,-28.123333333333335,-56.52931323283082,puntos porcentuales
textural,arena,Arena,%,1,1,Pina_1,14.666666666666666,3,1,Bosque_1,10.333333333333334,3,4.333333333333332,41.93548387096773,puntos porcentuales
textural,limo,Limo,%,1,1,Pina_1,28.0,3,1,Bosque_1,23.0,3,5.0,21.73913043478261,puntos porcentuales
textural,arcilla,Arcilla,%,1,1,Pina_1,57.333333333333336,3,1,Bosque_1,66.66666666666667,3,-9.333333333333336,-14.000000000000004,puntos porcentuales
textural,estabilidad_de_agregados,Estabilidad de agregados,%,1,1,Pina_1,90.0,3,1,Bosque_1,61.333333333333336,3,28.666666666666664,46.7391304347826,puntos porcentuales
textural,arena,Arena,%,3,3,Pina_3,7.0,3,2,Bosque_2,9.666666666666666,3,-2.666666666666666,-27.586206896551722,puntos porcentuales
textural,limo,Limo,%,3,3,Pina_3,24.0,3,2,Bosque_2,27.333333333333332,3,-3.333333333333332,-12.195121951219507,puntos porcentuales
textural,arcilla,Arcilla,%,3,3,Pina_3,69.0,3,2,Bosque_2,63.0,3,6.0,9.523809523809524,puntos porcentuales
textural,estabilidad_de_agregados,Estabilidad de agregados,%,3,3,Pina_3,89.33333333333333,3,2,Bosque_2,91.0,3,-1.6666666666666714,-1.8315018315018368,puntos porcentuales
textural,arena,Arena,%,4,4,Pina_4,11.0,3,3,Bosque_3,14.666666666666666,3,-3.666666666666666,-25.0,puntos porcentuales
textural,limo,Limo,%,4,4,Pina_4,28.333333333333332,3,3,Bosque_3,31.333333333333332,3,-3.0,-9.574468085106384,puntos porcentuales
textural,arcilla,Arcilla,%,4,4,Pina_4,60.666666666666664,3,3,Bosque_3,54.0,3,6.666666666666664,12.345679012345673,puntos porcentuales
textural,estabilidad_de_agregados,Estabilidad de agregados,%,4,4,Pina_4,94.0,3,3,Bosque_3,97.33333333333333,3,-3.3333333333333286,-3.424657534246571,puntos porcentuales
textural,arena,Arena,%,5,5,Pina_5,17.666666666666668,3,4,Bosque_4,13.0,3,4.666666666666668,35.897435897435905,puntos porcentuales
textural,limo,Limo,%,5,5,Pina_5,33.666666666666664,3,4,Bosque_4,26.333333333333332,3,7.333333333333332,27.848101265822784,puntos porcentuales
textural,arcilla,Arcilla,%,5,5,Pina_5,48.666666666666664,3,4,Bosque_4,60.666666666666664,3,-12.0,-19.78021978021978,puntos porcentuales
textural,estabilidad_de_agregados,Estabilidad de agregados,%,5,5,Pina_5,98.0,3,4,Bosque_4,96.0,3,2.0,2.0833333333333335,puntos porcentuales
