finca_id,tratamiento,lote,parcela,arena,limo,arcilla,n_submuestras_completas
1,Pina,1,Pina_1,14.666666666666666,28.0,57.333333333333336,3
1,Bosque,1,Bosque_1,10.333333333333334,23.0,66.66666666666667,3
2,Pina,2,Pina_2,11.0,35.666666666666664,53.333333333333336,3
3,Pina,3,Pina_3,7.0,24.0,69.0,3
3,Bosque,2,Bosque_2,9.666666666666666,27.333333333333332,63.0,3
4,Pina,4,Pina_4,11.0,28.333333333333332,60.666666666666664,3
4,Bosque,3,Bosque_3,14.666666666666666,31.333333333333332,54.0,3
5,Pina,5,Pina_5,17.666666666666668,33.666666666666664,48.666666666666664,3
5,Bosque,4,Bosque_4,13.0,26.333333333333332,60.666666666666664,3
6,Pina,6,Pina_6,12.666666666666666,27.0,60.333333333333336,3
7,Pina,7,Pina_7,7.666666666666667,25.0,67.33333333333333,3
8,Pina,8,Pina_8,11.0,24.333333333333332,64.66666666666667,3
