finca_id,tratamiento,lote,parcela,tabla,variable,indicador,unidad,n_submuestras,n_validos,n_faltantes,media,de_submuestras,mediana,q1,q3,rango_intercuartil,minimo,maximo,amplitud,cv_submuestras_pct
1,Bosque,1,Bosque_1,densidad_porosidad,densidad_aparente_g_cm_3,Densidad aparente,g/cm³,8,8,0,0.85625,0.07229651246281327,0.855,0.8125,0.92,0.10750000000000004,0.74,0.95,0.20999999999999996,8.443388316824906
1,Bosque,1,Bosque_1,densidad_porosidad,densidad_particulas_g_cm_3,Densidad de partículas,g/cm³,8,8,0,2.7074999999999996,0.03058944729337699,2.715,2.69,2.73,0.040000000000000036,2.65,2.74,0.0900000000000003,1.1298041474931484
1,Bosque,1,Bosque_1,densidad_porosidad,porosidad,Porosidad,%,8,8,0,68.36204351730404,2.823761099050305,68.45255116630581,66.04602944225584,70.26449827544718,4.218468833191338,64.68401486988849,72.5925925925926,7.908577722704109,4.130597848988444
1,Pina,1,Pina_1,densidad_porosidad,densidad_aparente_g_cm_3,Densidad aparente,g/cm³,8,8,0,0.7637499999999999,0.04688511795564007,0.76,0.7475,0.7825,0.03499999999999992,0.68,0.83,0.1499999999999999,6.138804314977423
1,Pina,1,Pina_1,densidad_porosidad,densidad_particulas_g_cm_3,Densidad de partículas,g/cm³,8,8,0,2.5787500000000003,0.047037219305566966,2.5700000000000003,2.55,2.59,0.040000000000000036,2.52,2.67,0.1499999999999999,1.8240317714228582
1,Pina,1,Pina_1,densidad_porosidad,porosidad,Porosidad,%,8,8,0,70.3741882474929,1.9149304818555557,70.61523082515448,69.57706338349294,71.3722672241094,1.7952038406164519,67.578125,73.33333333333333,5.755208333333329,2.72106937151602
2,Pina,2,Pina_2,densidad_porosidad,densidad_aparente_g_cm_3,Densidad aparente,g/cm³,8,8,0,0.93875,0.033139316313320115,0.95,0.9325,0.96,0.02749999999999997,0.87,0.97,0.09999999999999998,3.530153535373647
2,Pina,2,Pina_2,densidad_porosidad,densidad_particulas_g_cm_3,Densidad de partículas,g/cm³,8,8,0,2.5075000000000003,0.025495097567963816,2.51,2.4875000000000003,2.53,0.04249999999999954,2.47,2.54,0.06999999999999984,1.016753641793173
2,Pina,2,Pina_2,densidad_porosidad,porosidad,Porosidad,%,8,8,0,62.551114428393475,1.595217464106121,62.20019520312326,61.637321681017866,62.88125175064579,1.2439300696279219,60.72874493927126,65.61264822134387,4.883903282072616,2.550262259407505
3,Bosque,2,Bosque_2,densidad_porosidad,densidad_aparente_g_cm_3,Densidad aparente,g/cm³,8,8,0,0.7375,0.08031189202104506,0.75,0.725,0.8,0.07500000000000007,0.56,0.8,0.24,10.889748070650178
3,Bosque,2,Bosque_2,densidad_porosidad,densidad_particulas_g_cm_3,Densidad de partículas,g/cm³,8,8,0,2.505,0.06502746672423441,2.525,2.4775,2.55,0.07249999999999979,2.37,2.57,0.19999999999999973,2.595906855258859
3,Bosque,2,Bosque_2,densidad_porosidad,porosidad,Porosidad,%,8,8,0,70.55554479513242,3.131476549080243,69.07496256975637,68.81055924315251,70.8732237834405,2.062664540287983,68.50393700787401,77.68924302788844,9.185306020014423,4.438313896055809
3,Pina,3,Pina_3,densidad_porosidad,densidad_aparente_g_cm_3,Densidad aparente,g/cm³,8,8,0,0.89125,0.04517821851923147,0.89,0.8574999999999999,0.905,0.0475000000000001,0.84,0.98,0.14,5.06908482684224
3,Pina,3,Pina_3,densidad_porosidad,densidad_particulas_g_cm_3,Densidad de partículas,g/cm³,8,8,0,2.5662499999999997,0.01597989808656933,2.57,2.5575,2.5725,0.01499999999999968,2.54,2.59,0.04999999999999982,0.6226945187167787
3,Pina,3,Pina_3,densidad_porosidad,porosidad,Porosidad,%,8,8,0,65.27606168934457,1.605224803148454,65.30277237354085,64.78599221789884,66.4381658175081,1.652173599609256,62.16216216216216,67.05426356589147,4.892101403729313,2.4591324317142202
4,Bosque,3,Bosque_3,densidad_porosidad,densidad_aparente_g_cm_3,Densidad aparente,g/cm³,8,8,0,0.8374999999999999,0.07146427679017578,0.835,0.785,0.88,0.09499999999999997,0.74,0.95,0.20999999999999996,8.533047974946363
4,Bosque,3,Bosque_3,densidad_porosidad,densidad_particulas_g_cm_3,Densidad de partículas,g/cm³,8,8,0,2.46875,0.06468329437674432,2.49,2.4375,2.5149999999999997,0.07749999999999968,2.35,2.53,0.17999999999999972,2.620082810197238
4,Bosque,3,Bosque_3,densidad_porosidad,porosidad,Porosidad,%,8,8,0,66.10563803913485,2.308071454474757,66.73571757385272,65.07293998126895,67.3643074250977,2.2913674438287615,62.15139442231076,69.16666666666667,7.015272244355913,3.4914895656984175
4,Pina,4,Pina_4,densidad_porosidad,densidad_aparente_g_cm_3,Densidad aparente,g/cm³,8,8,0,0.92625,0.06232117273791125,0.9299999999999999,0.89,0.97,0.07999999999999996,0.83,1.0,0.17000000000000004,6.72833173958556
4,Pina,4,Pina_4,densidad_porosidad,densidad_particulas_g_cm_3,Densidad de partículas,g/cm³,8,8,0,2.49125,0.046117087009976146,2.4800000000000004,2.47,2.49,0.020000000000000018,2.45,2.6,0.1499999999999999,1.8511625493216717
4,Pina,4,Pina_4,densidad_porosidad,porosidad,Porosidad,%,8,8,0,62.779271883866954,3.011786820263097,62.65060240963855,60.72874493927126,64.0375266247175,3.3087816854462417,59.18367346938776,68.07692307692308,8.893249607535317,4.797422349584572
5,Bosque,4,Bosque_4,densidad_porosidad,densidad_aparente_g_cm_3,Densidad aparente,g/cm³,8,8,0,0.73125,0.07491662031885848,0.735,0.675,0.7925,0.11749999999999994,0.62,0.83,0.20999999999999996,10.245007906852443
5,Bosque,4,Bosque_4,densidad_porosidad,densidad_particulas_g_cm_3,Densidad de partículas,g/cm³,8,8,0,2.46875,0.05617256574927955,2.46,2.45,2.5149999999999997,0.0649999999999995,2.36,2.53,0.16999999999999993,2.2753444354138552
5,Bosque,4,Bosque_4,densidad_porosidad,porosidad,Porosidad,%,8,8,0,70.40862190144155,2.629743582308966,70.58376406202493,68.23115700463453,72.44897959183673,4.217822587202207,67.19367588932806,73.72881355932203,6.535137669993972,3.734973801916047
5,Pina,5,Pina_5,densidad_porosidad,densidad_aparente_g_cm_3,Densidad aparente,g/cm³,8,8,0,0.875,0.040708019567928605,0.87,0.8474999999999999,0.8975,0.050000000000000044,0.82,0.94,0.12,4.652345093477555
5,Pina,5,Pina_5,densidad_porosidad,densidad_particulas_g_cm_3,Densidad de partículas,g/cm³,8,8,0,2.60625,0.020658792662827972,2.615,2.6,2.62,0.020000000000000018,2.56,2.62,0.06000000000000005,0.7926635074466368
5,Pina,5,Pina_5,densidad_porosidad,porosidad,Porosidad,%,8,8,0,66.42775114747077,1.5203636297865597,66.79389312977099,65.48076923076923,67.6526717557252,2.171902524955968,63.98467432950192,67.96875,3.984075670498079,2.288747704873112
6,Pina,6,Pina_6,densidad_porosidad,densidad_aparente_g_cm_3,Densidad aparente,g/cm³,8,8,0,0.96625,0.0853459347094434,0.9299999999999999,0.9,1.02,0.12,0.89,1.1,0.21000000000000008,8.83269699450902
6,Pina,6,Pina_6,densidad_porosidad,densidad_particulas_g_cm_3,Densidad de partículas,g/cm³,8,8,0,2.42875,0.02474873734152914,2.44,2.42,2.4425,0.022499999999999964,2.39,2.45,0.06000000000000005,1.018990729450505
6,Pina,6,Pina_6,densidad_porosidad,porosidad,Porosidad,%,8,8,0,60.19749246312418,3.73277881423315,61.47369504081213,58.09068397233371,63.152392104382734,5.061708132049027,54.73251028806585,63.52459016393443,8.792079875868573,6.200887547799068
7,Pina,7,Pina_7,densidad_porosidad,densidad_aparente_g_cm_3,Densidad aparente,g/cm³,8,8,0,0.9899999999999999,0.04898979485566356,0.995,0.96,1.0225,0.0625,0.92,1.06,0.14,4.948464126834703
7,Pina,7,Pina_7,densidad_porosidad,densidad_particulas_g_cm_3,Densidad de partículas,g/cm³,8,8,0,2.4800000000000004,0.02267786838055365,2.49,2.4725,2.4925,0.020000000000000018,2.44,2.5,0.06000000000000005,0.9144301766352277
7,Pina,7,Pina_7,densidad_porosidad,porosidad,Porosidad,%,8,8,0,60.08614052904871,1.8077501061481076,59.9229571346611,59.05863453815261,60.936673717609736,1.8780391794571258,57.42971887550201,62.8,5.370281124497986,3.008597473945175
8,Pina,8,Pina_8,densidad_porosidad,densidad_aparente_g_cm_3,Densidad aparente,g/cm³,8,8,0,0.87,0.04140393356054124,0.865,0.8525,0.8875,0.03499999999999992,0.81,0.94,0.1299999999999999,4.759072823050718
8,Pina,8,Pina_8,densidad_porosidad,densidad_particulas_g_cm_3,Densidad de partículas,g/cm³,8,8,0,2.54125,0.06577830732305075,2.55,2.4875000000000003,2.5949999999999998,0.10749999999999948,2.44,2.62,0.18000000000000016,2.588423308334511
8,Pina,8,Pina_8,densidad_porosidad,porosidad,Porosidad,%,8,8,0,65.73647319633425,2.035393391345572,66.27399114173228,65.31431782125858,66.47582697201017,1.1615091507515842,62.24899598393575,68.72586872586872,6.476872741932972,3.0962923509244096
1,Bosque,1,Bosque_1,retencion_humedad,humedad_gravimetrica_0_33_bar,"Humedad gravimétrica a 0,33 bar",%,3,3,0,60.76,1.4547508377725713,60.37,59.955,61.37,1.4149999999999991,59.54,62.37,2.8299999999999983,2.394257468355121
1,Bosque,1,Bosque_1,retencion_humedad,humedad_gravimetrica_15_bar,Humedad gravimétrica a 15 bar,%,3,3,0,30.046666666666667,1.0821429357221413,29.86,29.465,30.535,1.0700000000000003,29.07,31.21,2.1400000000000006,3.601540722394524
1,Bosque,1,Bosque_1,retencion_humedad,agua_util,Agua útil gravimétrica,%,3,3,0,30.713333333333335,2.1508680418224952,31.3,29.814999999999998,31.905,2.0900000000000034,28.33,32.51,4.18,7.003043331308319
1,Pina,1,Pina_1,retencion_humedad,humedad_gravimetrica_0_33_bar,"Humedad gravimétrica a 0,33 bar",%,3,3,0,41.21333333333333,2.0205279838035732,41.16,40.19,42.209999999999994,2.019999999999996,39.22,43.26,4.039999999999999,4.902607531066581
1,Pina,1,Pina_1,retencion_humedad,humedad_gravimetrica_15_bar,Humedad gravimétrica a 15 bar,%,3,3,0,25.816666666666666,0.7159841711471939,25.47,25.405,26.055,0.6499999999999986,25.34,26.64,1.3000000000000007,2.773340882429415
1,Pina,1,Pina_1,retencion_humedad,agua_util,Agua útil gravimétrica,%,3,3,0,15.396666666666667,1.481091939527499,15.819999999999997,14.784999999999998,16.22,1.4350000000000005,13.75,16.619999999999997,2.8699999999999974,9.619562283140285
2,Pina,2,Pina_2,retencion_humedad,humedad_gravimetrica_0_33_bar,"Humedad gravimétrica a 0,33 bar",%,3,3,0,41.78,2.610766171069326,40.42,40.275000000000006,42.605000000000004,2.3299999999999983,40.13,44.79,4.659999999999997,6.248841960434003
2,Pina,2,Pina_2,retencion_humedad,humedad_gravimetrica_15_bar,Humedad gravimétrica a 15 bar,%,3,3,0,25.343333333333334,0.4233595792388933,25.14,25.1,25.485,0.384999999999998,25.06,25.83,0.7699999999999996,1.6704968271954226
2,Pina,2,Pina_2,retencion_humedad,agua_util,Agua útil gravimétrica,%,3,3,0,16.43666666666667,2.193087625548356,15.360000000000005,15.175000000000004,17.160000000000004,1.9849999999999994,14.990000000000002,18.96,3.969999999999999,13.342654383786384
3,Bosque,2,Bosque_2,retencion_humedad,humedad_gravimetrica_0_33_bar,"Humedad gravimétrica a 0,33 bar",%,3,3,0,69.18,9.504783006465745,66.86,63.955,73.245,9.290000000000006,61.05,79.63,18.58,13.739206427386158
3,Bosque,2,Bosque_2,retencion_humedad,humedad_gravimetrica_15_bar,Humedad gravimétrica a 15 bar,%,3,3,0,32.449999999999996,0.134536240470737,32.41,32.375,32.504999999999995,0.12999999999999545,32.34,32.6,0.259999999999998,0.41459550222106945
3,Bosque,2,Bosque_2,retencion_humedad,agua_util,Agua útil gravimétrica,%,3,3,0,36.73,9.498984156213758,34.26,31.485,40.739999999999995,9.254999999999995,28.709999999999997,47.22,18.51,25.861650302787258
3,Pina,3,Pina_3,retencion_humedad,humedad_gravimetrica_0_33_bar,"Humedad gravimétrica a 0,33 bar",%,3,3,0,40.79333333333333,0.4239496825489219,40.86,40.6,41.019999999999996,0.4199999999999946,40.34,41.18,0.8399999999999963,1.0392621732691338
3,Pina,3,Pina_3,retencion_humedad,humedad_gravimetrica_15_bar,Humedad gravimétrica a 15 bar,%,3,3,0,28.53,0.26229754097207986,28.57,28.41,28.67,0.26000000000000156,28.25,28.77,0.5199999999999996,0.9193744864075705
3,Pina,3,Pina_3,retencion_humedad,agua_util,Agua útil gravimétrica,%,3,3,0,12.263333333333335,0.4387862045841136,12.41,12.090000000000002,12.51,0.41999999999999815,11.770000000000003,12.61,0.8399999999999963,3.5780337421917388
4,Bosque,3,Bosque_3,retencion_humedad,humedad_gravimetrica_0_33_bar,"Humedad gravimétrica a 0,33 bar",%,3,3,0,51.75666666666667,11.600044540144374,53.06,46.31,57.855000000000004,11.545000000000002,39.56,62.65,23.089999999999996,22.412657706210553
4,Bosque,3,Bosque_3,retencion_humedad,humedad_gravimetrica_15_bar,Humedad gravimétrica a 15 bar,%,3,3,0,27.849999999999998,0.1252996408614167,27.86,27.79,27.915,0.125,27.72,27.97,0.25,0.44990894384709773
4,Bosque,3,Bosque_3,retencion_humedad,agua_util,Agua útil gravimétrica,%,3,3,0,23.906666666666666,11.52066983006341,25.090000000000003,18.465000000000003,29.94,11.474999999999998,11.840000000000003,34.79,22.949999999999996,48.19019728135838
4,Pina,4,Pina_4,retencion_humedad,humedad_gravimetrica_0_33_bar,"Humedad gravimétrica a 0,33 bar",%,3,3,0,39.63333333333333,6.714270871310847,36.86,35.805,42.075,6.270000000000003,34.75,47.29,12.54,16.940969397756554
4,Pina,4,Pina_4,retencion_humedad,humedad_gravimetrica_15_bar,Humedad gravimétrica a 15 bar,%,3,3,0,25.046666666666667,0.7131853429041671,24.65,24.634999999999998,25.259999999999998,0.625,24.62,25.87,1.25,2.847426176087971
4,Pina,4,Pina_4,retencion_humedad,agua_util,Agua útil gravimétrica,%,3,3,0,14.586666666666668,7.195653780813342,12.21,10.545,17.44,6.895000000000001,8.879999999999999,22.67,13.790000000000003,49.33035041691048
5,Bosque,4,Bosque_4,retencion_humedad,humedad_gravimetrica_0_33_bar,"Humedad gravimétrica a 0,33 bar",%,3,3,0,79.11333333333333,8.575595217437293,82.68,76.005,84.005,8.0,69.33,85.33,16.0,10.83963329076931
5,Bosque,4,Bosque_4,retencion_humedad,humedad_gravimetrica_15_bar,Humedad gravimétrica a 15 bar,%,3,3,0,29.363333333333333,0.266520793435209,29.47,29.265,29.515,0.25,29.06,29.56,0.5,0.90766531990649
5,Bosque,4,Bosque_4,retencion_humedad,agua_util,Agua útil gravimétrica,%,3,3,0,49.75,8.323442797304489,53.120000000000005,46.69500000000001,54.49,7.794999999999995,40.27,55.86,15.589999999999996,16.730538286039174
5,Pina,5,Pina_5,retencion_humedad,humedad_gravimetrica_0_33_bar,"Humedad gravimétrica a 0,33 bar",%,3,3,0,47.06333333333333,1.7089860541658395,46.77,46.145,47.835,1.6899999999999977,45.52,48.9,3.3799999999999955,3.6312473705627304
5,Pina,5,Pina_5,retencion_humedad,humedad_gravimetrica_15_bar,Humedad gravimétrica a 15 bar,%,3,3,0,25.436666666666667,0.3066485501895177,25.28,25.259999999999998,25.535,0.27500000000000213,25.24,25.79,0.5500000000000007,1.2055374794503382
5,Pina,5,Pina_5,retencion_humedad,agua_util,Agua útil gravimétrica,%,3,3,0,21.626666666666665,1.968561234336724,21.49,20.61,22.575,1.9649999999999999,19.730000000000004,23.66,3.929999999999996,9.10247179872098
6,Pina,6,Pina_6,retencion_humedad,humedad_gravimetrica_0_33_bar,"Humedad gravimétrica a 0,33 bar",%,3,3,0,38.28666666666667,2.745839276675411,38.08,36.864999999999995,39.605000000000004,2.740000000000009,35.65,41.13,5.480000000000004,7.171789857240321
6,Pina,6,Pina_6,retencion_humedad,humedad_gravimetrica_15_bar,Humedad gravimétrica a 15 bar,%,3,3,0,26.23,0.3798683982644516,26.3,26.060000000000002,26.435000000000002,0.375,25.82,26.57,0.75,1.4482211142373298
6,Pina,6,Pina_6,retencion_humedad,agua_util,Agua útil gravimétrica,%,3,3,0,12.056666666666667,2.880387705385048,12.259999999999998,10.669999999999998,13.545,2.8750000000000018,9.079999999999998,14.830000000000002,5.7500000000000036,23.890415029458513
7,Pina,7,Pina_7,retencion_humedad,humedad_gravimetrica_0_33_bar,"Humedad gravimétrica a 0,33 bar",%,3,3,0,42.883333333333326,2.9981549882108056,42.05,41.22,44.129999999999995,2.9099999999999966,40.39,46.21,5.82,6.9914224365584285
7,Pina,7,Pina_7,retencion_humedad,humedad_gravimetrica_15_bar,Humedad gravimétrica a 15 bar,%,3,3,0,28.45,0.088881944173155,28.48,28.415,28.5,0.08500000000000085,28.35,28.52,0.16999999999999815,0.31241456651372584
7,Pina,7,Pina_7,retencion_humedad,agua_util,Agua útil gravimétrica,%,3,3,0,14.433333333333332,3.0761393553175274,13.529999999999998,12.719999999999999,15.694999999999999,2.9749999999999996,11.91,17.86,5.949999999999999,21.312743801276174
8,Pina,8,Pina_8,retencion_humedad,humedad_gravimetrica_0_33_bar,"Humedad gravimétrica a 0,33 bar",%,3,3,0,47.93666666666667,6.89675527573172,44.02,43.955,49.96,6.005000000000003,43.89,55.9,12.009999999999998,14.387223299628092
8,Pina,8,Pina_8,retencion_humedad,humedad_gravimetrica_15_bar,Humedad gravimétrica a 15 bar,%,3,3,0,28.8,0.8150460109711605,28.62,28.355,29.155,0.8000000000000007,28.09,29.69,1.6000000000000014,2.8300208714276405
8,Pina,8,Pina_8,retencion_humedad,agua_util,Agua útil gravimétrica,%,3,3,0,19.136666666666667,6.128950426731589,15.8,15.600000000000001,21.005000000000003,5.405000000000001,15.400000000000002,26.21,10.809999999999999,32.027262289139124
1,Bosque,1,Bosque_1,textural,arena,Arena,%,3,3,0,10.333333333333334,1.5275252316519468,10.0,9.5,11.0,1.5,9.0,12.0,3.0,14.782502241793033
1,Bosque,1,Bosque_1,textural,limo,Limo,%,3,3,0,23.0,1.0,23.0,22.5,23.5,1.0,22.0,24.0,2.0,4.3478260869565215
1,Bosque,1,Bosque_1,textural,arcilla,Arcilla,%,3,3,0,66.66666666666667,2.3094010767585034,68.0,66.0,68.0,2.0,64.0,68.0,4.0,3.464101615137755
1,Bosque,1,Bosque_1,textural,estabilidad_de_agregados,Estabilidad de agregados,%,3,3,0,61.333333333333336,38.397048497681865,83.0,50.0,83.5,33.5,17.0,84.0,67.0,62.60388342013348
1,Pina,1,Pina_1,textural,arena,Arena,%,3,3,0,14.666666666666666,0.5773502691896257,15.0,14.5,15.0,0.5,14.0,15.0,1.0,3.936479108111085
1,Pina,1,Pina_1,textural,limo,Limo,%,3,3,0,28.0,1.0,28.0,27.5,28.5,1.0,27.0,29.0,2.0,3.5714285714285716
1,Pina,1,Pina_1,textural,arcilla,Arcilla,%,3,3,0,57.333333333333336,1.1547005383792517,58.0,57.0,58.0,1.0,56.0,58.0,2.0,2.014012566940555
1,Pina,1,Pina_1,textural,estabilidad_de_agregados,Estabilidad de agregados,%,3,3,0,90.0,4.0,90.0,88.0,92.0,4.0,86.0,94.0,8.0,4.444444444444445
2,Pina,2,Pina_2,textural,arena,Arena,%,3,3,0,11.0,1.7320508075688772,12.0,10.5,12.0,1.5,9.0,12.0,3.0,15.74591643244434
2,Pina,2,Pina_2,textural,limo,Limo,%,3,3,0,35.666666666666664,0.5773502691896258,36.0,35.5,36.0,0.5,35.0,36.0,1.0,1.618739072494278
2,Pina,2,Pina_2,textural,arcilla,Arcilla,%,3,3,0,53.333333333333336,1.5275252316519465,53.0,52.5,54.0,1.5,52.0,55.0,3.0,2.8641098093473993
2,Pina,2,Pina_2,textural,estabilidad_de_agregados,Estabilidad de agregados,%,3,3,0,87.0,1.7320508075688772,88.0,86.5,88.0,1.5,85.0,88.0,3.0,1.990862997205606
3,Bosque,2,Bosque_2,textural,arena,Arena,%,3,3,0,9.666666666666666,0.5773502691896257,10.0,9.5,10.0,0.5,9.0,10.0,1.0,5.972588991616819
3,Bosque,2,Bosque_2,textural,limo,Limo,%,3,3,0,27.333333333333332,0.5773502691896258,27.0,27.0,27.5,0.5,27.0,28.0,1.0,2.11225708240107
3,Bosque,2,Bosque_2,textural,arcilla,Arcilla,%,3,3,0,63.0,0.0,63.0,63.0,63.0,0.0,63.0,63.0,0.0,0.0
3,Bosque,2,Bosque_2,textural,estabilidad_de_agregados,Estabilidad de agregados,%,3,3,0,91.0,4.358898943540674,89.0,88.5,92.5,4.0,88.0,96.0,8.0,4.789998839055686
3,Pina,3,Pina_3,textural,arena,Arena,%,3,3,0,7.0,0.0,7.0,7.0,7.0,0.0,7.0,7.0,0.0,0.0
3,Pina,3,Pina_3,textural,limo,Limo,%,3,3,0,24.0,0.0,24.0,24.0,24.0,0.0,24.0,24.0,0.0,0.0
3,Pina,3,Pina_3,textural,arcilla,Arcilla,%,3,3,0,69.0,0.0,69.0,69.0,69.0,0.0,69.0,69.0,0.0,0.0
3,Pina,3,Pina_3,textural,estabilidad_de_agregados,Estabilidad de agregados,%,3,3,0,89.33333333333333,2.5166114784235836,89.0,88.0,90.5,2.5,87.0,92.0,5.0,2.8171024012204295
4,Bosque,3,Bosque_3,textural,arena,Arena,%,3,3,0,14.666666666666666,0.5773502691896257,15.0,14.5,15.0,0.5,14.0,15.0,1.0,3.936479108111085
4,Bosque,3,Bosque_3,textural,limo,Limo,%,3,3,0,31.333333333333332,0.5773502691896258,31.0,31.0,31.5,0.5,31.0,32.0,1.0,1.8426072420945505
4,Bosque,3,Bosque_3,textural,arcilla,Arcilla,%,3,3,0,54.0,0.0,54.0,54.0,54.0,0.0,54.0,54.0,0.0,0.0
4,Bosque,3,Bosque_3,textural,estabilidad_de_agregados,Estabilidad de agregados,%,3,3,0,97.33333333333333,0.5773502691896257,97.0,97.0,97.5,0.5,97.0,98.0,1.0,0.5931680847838621
4,Pina,4,Pina_4,textural,arena,Arena,%,3,3,0,11.0,1.7320508075688772,12.0,10.5,12.0,1.5,9.0,12.0,3.0,15.74591643244434
4,Pina,4,Pina_4,textural,limo,Limo,%,3,3,0,28.333333333333332,2.3094010767585034,27.0,27.0,29.0,2.0,27.0,31.0,4.0,8.150827329735895
4,Pina,4,Pina_4,textural,arcilla,Arcilla,%,3,3,0,60.666666666666664,0.5773502691896258,61.0,60.5,61.0,0.5,60.0,61.0,1.0,0.9516762678949876
4,Pina,4,Pina_4,textural,estabilidad_de_agregados,Estabilidad de agregados,%,3,3,0,94.0,0.0,94.0,94.0,94.0,0.0,94.0,94.0,0.0,0.0
5,Bosque,4,Bosque_4,textural,arena,Arena,%,3,3,0,13.0,0.0,13.0,13.0,13.0,0.0,13.0,13.0,0.0,0.0
5,Bosque,4,Bosque_4,textural,limo,Limo,%,3,3,0,26.333333333333332,0.5773502691896258,26.0,26.0,26.5,0.5,26.0,27.0,1.0,2.1924693766694654
5,Bosque,4,Bosque_4,textural,arcilla,Arcilla,%,3,3,0,60.666666666666664,0.5773502691896258,61.0,60.5,61.0,0.5,60.0,61.0,1.0,0.9516762678949876
5,Bosque,4,Bosque_4,textural,estabilidad_de_agregados,Estabilidad de agregados,%,3,3,0,96.0,1.7320508075688772,97.0,95.5,97.0,1.5,94.0,97.0,3.0,1.8042195912175805
5,Pina,5,Pina_5,textural,arena,Arena,%,3,3,0,17.666666666666668,0.5773502691896258,18.0,17.5,18.0,0.5,17.0,18.0,1.0,3.268020391639391
5,Pina,5,Pina_5,textural,limo,Limo,%,3,3,0,33.666666666666664,1.5275252316519465,34.0,33.0,34.5,1.5,32.0,35.0,3.0,4.5372036583721185
5,Pina,5,Pina_5,textural,arcilla,Arcilla,%,3,3,0,48.666666666666664,1.5275252316519465,49.0,48.0,49.5,1.5,47.0,50.0,3.0,3.1387504759971505
5,Pina,5,Pina_5,textural,estabilidad_de_agregados,Estabilidad de agregados,%,3,3,0,98.0,0.0,98.0,98.0,98.0,0.0,98.0,98.0,0.0,0.0
6,Pina,6,Pina_6,textural,arena,Arena,%,3,3,0,12.666666666666666,1.1547005383792517,12.0,12.0,13.0,1.0,12.0,14.0,2.0,9.11605688194146
6,Pina,6,Pina_6,textural,limo,Limo,%,3,3,0,27.0,1.0,27.0,26.5,27.5,1.0,26.0,28.0,2.0,3.7037037037037037
6,Pina,6,Pina_6,textural,arcilla,Arcilla,%,3,3,0,60.333333333333336,0.5773502691896258,60.0,60.0,60.5,0.5,60.0,61.0,1.0,0.956934147828109
6,Pina,6,Pina_6,textural,estabilidad_de_agregados,Estabilidad de agregados,%,3,3,0,95.66666666666667,0.5773502691896257,96.0,95.5,96.0,0.5,95.0,96.0,1.0,0.6035020235431627
7,Pina,7,Pina_7,textural,arena,Arena,%,3,3,0,7.666666666666667,1.1547005383792517,7.0,7.0,8.0,1.0,7.0,9.0,2.0,15.061311370164152
7,Pina,7,Pina_7,textural,limo,Limo,%,3,3,0,25.0,2.0,25.0,24.0,26.0,2.0,23.0,27.0,4.0,8.0
7,Pina,7,Pina_7,textural,arcilla,Arcilla,%,3,3,0,67.33333333333333,1.1547005383792517,68.0,67.0,68.0,1.0,66.0,68.0,2.0,1.7149017896721561
7,Pina,7,Pina_7,textural,estabilidad_de_agregados,Estabilidad de agregados,%,3,3,0,91.66666666666667,2.3094010767585034,93.0,91.0,93.0,2.0,89.0,93.0,4.0,2.5193466291910944
8,Pina,8,Pina_8,textural,arena,Arena,%,3,3,0,11.0,1.7320508075688772,10.0,10.0,11.5,1.5,10.0,13.0,3.0,15.74591643244434
8,Pina,8,Pina_8,textural,limo,Limo,%,3,3,0,24.333333333333332,1.1547005383792515,25.0,24.0,25.0,1.0,23.0,25.0,2.0,4.745344678270897
8,Pina,8,Pina_8,textural,arcilla,Arcilla,%,3,3,0,64.66666666666667,0.5773502691896257,65.0,64.5,65.0,0.5,64.0,65.0,1.0,0.8928096946231325
8,Pina,8,Pina_8,textural,estabilidad_de_agregados,Estabilidad de agregados,%,3,3,0,97.0,1.0,97.0,96.5,97.5,1.0,96.0,98.0,2.0,1.0309278350515463
