id_usuario,id_lab,densidad_aparente_g_cm_3,densidad_particulas_g_cm_3,porosidad,xls_origen,id_usuario_normalizado,zona,tratamiento,lote,repeticion,productor,finca_id,parcela,productor_ficha,fecha_ficha,fuente_diseno
Pina 1-1,RN-26-00425,0.77,2.58,70.15503875968993,98535 PROYECTO VI-813-C6469 CIPROC RN425-440,Pina 1 R1,Pina,Pina,1,1,,1,Pina_1,Victor Trejos Sanchez,2026-02-03,PIÑA FINCAS PRODUCTORAS .xlsx
Pina 1-2,RN-26-00426,0.83,2.56,67.578125,98535 PROYECTO VI-813-C6469 CIPROC RN425-440,Pina 1 R2,Pina,Pina,1,2,,1,Pina_1,Victor Trejos Sanchez,2026-02-03,PIÑA FINCAS PRODUCTORAS .xlsx
Pina 1-3,RN-26-00427,0.76,2.67,71.53558052434457,98535 PROYECTO VI-813-C6469 CIPROC RN425-440,Pina 1 R3,Pina,Pina,1,3,,1,Pina_1,Victor Trejos Sanchez,2026-02-03,PIÑA FINCAS PRODUCTORAS .xlsx
Pina 1-4,RN-26-00428,0.74,2.58,71.31782945736434,98535 PROYECTO VI-813-C6469 CIPROC RN425-440,Pina 1 R4,Pina,Pina,1,4,,1,Pina_1,Victor Trejos Sanchez,2026-02-03,PIÑA FINCAS PRODUCTORAS .xlsx
Pina 1-5,RN-26-00429,0.82,2.55,67.84313725490196,98535 PROYECTO VI-813-C6469 CIPROC RN425-440,Pina 1 R5,Pina,Pina,1,5,,1,Pina_1,Victor Trejos Sanchez,2026-02-03,PIÑA FINCAS PRODUCTORAS .xlsx
Pina 1-6,RN-26-00430,0.75,2.52,70.23809523809523,98535 PROYECTO VI-813-C6469 CIPROC RN425-440,Pina 1 R6,Pina,Pina,1,6,,1,Pina_1,Victor Trejos Sanchez,2026-02-03,PIÑA FINCAS PRODUCTORAS .xlsx
Pina 1-7,RN-26-00431,0.68,2.55,73.33333333333333,98535 PROYECTO VI-813-C6469 CIPROC RN425-440,Pina 1 R7,Pina,Pina,1,7,,1,Pina_1,Victor Trejos Sanchez,2026-02-03,PIÑA FINCAS PRODUCTORAS .xlsx
Pina 1-8,RN-26-00432,0.76,2.62,70.99236641221374,98535 PROYECTO VI-813-C6469 CIPROC RN425-440,Pina 1 R8,Pina,Pina,1,8,,1,Pina_1,Victor Trejos Sanchez,2026-02-03,PIÑA FINCAS PRODUCTORAS .xlsx
BOSQUE 1-1,RN-26-00433,0.95,2.69,64.68401486988849,98535 PROYECTO VI-813-C6469 CIPROC RN425-440,Bosque 1 R1,Bosque,Bosque,1,1,,1,Bosque_1,,2026-02-03,PIÑA FINCAS PRODUCTORAS .xlsx
BOSQUE 1-2,RN-26-00434,0.79,2.74,71.16788321167884,98535 PROYECTO VI-813-C6469 CIPROC RN425-440,Bosque 1 R2,Bosque,Bosque,1,2,,1,Bosque_1,,2026-02-03,PIÑA FINCAS PRODUCTORAS .xlsx
BOSQUE 1-3,RN-26-00435,0.84,2.69,68.77323420074349,98535 PROYECTO VI-813-C6469 CIPROC RN425-440,Bosque 1 R3,Bosque,Bosque,1,3,,1,Bosque_1,,2026-02-03,PIÑA FINCAS PRODUCTORAS .xlsx
BOSQUE 1-4,RN-26-00436,0.92,2.73,66.30036630036629,98535 PROYECTO VI-813-C6469 CIPROC RN425-440,Bosque 1 R4,Bosque,Bosque,1,4,,1,Bosque_1,,2026-02-03,PIÑA FINCAS PRODUCTORAS .xlsx
BOSQUE 1-5,RN-26-00437,0.74,2.7,72.5925925925926,98535 PROYECTO VI-813-C6469 CIPROC RN425-440,Bosque 1 R5,Bosque,Bosque,1,5,,1,Bosque_1,,2026-02-03,PIÑA FINCAS PRODUCTORAS .xlsx
BOSQUE 1-6,RN-26-00438,0.82,2.73,69.96336996336996,98535 PROYECTO VI-813-C6469 CIPROC RN425-440,Bosque 1 R6,Bosque,Bosque,1,6,,1,Bosque_1,,2026-02-03,PIÑA FINCAS PRODUCTORAS .xlsx
BOSQUE 1-7,RN-26-00439,0.92,2.65,65.28301886792453,98535 PROYECTO VI-813-C6469 CIPROC RN425-440,Bosque 1 R7,Bosque,Bosque,1,7,,1,Bosque_1,,2026-02-03,PIÑA FINCAS PRODUCTORAS .xlsx
BOSQUE 1-8,RN-26-00440,0.87,2.73,68.13186813186813,98535 PROYECTO VI-813-C6469 CIPROC RN425-440,Bosque 1 R8,Bosque,Bosque,1,8,,1,Bosque_1,,2026-02-03,PIÑA FINCAS PRODUCTORAS .xlsx
Pina 2 ALONSO CHACON R 1,RN-26-00899,0.97,2.47,60.72874493927126,99445 PROYECTO VI-813-C6469 CIPROC RN899-922,Pina 2 ALONSO CHACON R1,Pina,Pina,2,1,ALONSO CHACON,2,Pina_2,Alonso Chacon ultima fica,2026-02-04,PIÑA FINCAS PRODUCTORAS .xlsx
Pina 2 ALONSO CHACON R 2,RN-26-00900,0.96,2.51,61.75298804780876,99445 PROYECTO VI-813-C6469 CIPROC RN899-922,Pina 2 ALONSO CHACON R2,Pina,Pina,2,2,ALONSO CHACON,2,Pina_2,Alonso Chacon ultima fica,2026-02-04,PIÑA FINCAS PRODUCTORAS .xlsx
Pina 2 ALONSO CHACON R 3,RN-26-00901,0.95,2.53,62.450592885375485,99445 PROYECTO VI-813-C6469 CIPROC RN899-922,Pina 2 ALONSO CHACON R3,Pina,Pina,2,3,ALONSO CHACON,2,Pina_2,Alonso Chacon ultima fica,2026-02-04,PIÑA FINCAS PRODUCTORAS .xlsx
Pina 2 ALONSO CHACON R 4,RN-26-00902,0.96,2.48,61.29032258064516,99445 PROYECTO VI-813-C6469 CIPROC RN899-922,Pina 2 ALONSO CHACON R4,Pina,Pina,2,4,ALONSO CHACON,2,Pina_2,Alonso Chacon ultima fica,2026-02-04,PIÑA FINCAS PRODUCTORAS .xlsx
Pina 2 ALONSO CHACON R 5,RN-26-00903,0.95,2.51,62.15139442231076,99445 PROYECTO VI-813-C6469 CIPROC RN899-922,Pina 2 ALONSO CHACON R5,Pina,Pina,2,5,ALONSO CHACON,2,Pina_2,Alonso Chacon ultima fica,2026-02-04,PIÑA FINCAS PRODUCTORAS .xlsx
Pina 2 ALONSO CHACON R 6,RN-26-00904,0.94,2.49,62.24899598393575,99445 PROYECTO VI-813-C6469 CIPROC RN899-922,Pina 2 ALONSO CHACON R6,Pina,Pina,2,6,ALONSO CHACON,2,Pina_2,Alonso Chacon ultima fica,2026-02-04,PIÑA FINCAS PRODUCTORAS .xlsx
Pina 2 ALONSO CHACON R 7,RN-26-00905,0.87,2.53,65.61264822134387,99445 PROYECTO VI-813-C6469 CIPROC RN899-922,Pina 2 ALONSO CHACON R7,Pina,Pina,2,7,ALONSO CHACON,2,Pina_2,Alonso Chacon ultima fica,2026-02-04,PIÑA FINCAS PRODUCTORAS .xlsx
Pina 2 ALONSO CHACON R 8,RN-26-00906,0.91,2.54,64.1732283464567,99445 PROYECTO VI-813-C6469 CIPROC RN899-922,Pina 2 ALONSO CHACON R8,Pina,Pina,2,8,ALONSO CHACON,2,Pina_2,Alonso Chacon ultima fica,2026-02-04,PIÑA FINCAS PRODUCTORAS .xlsx
Pina 3 MISAEL ROJAS R 1,RN-26-00907,0.9,2.57,64.98054474708171,99445 PROYECTO VI-813-C6469 CIPROC RN899-922,Pina 3 MISAEL ROJAS R1,Pina,Pina,3,1,MISAEL ROJAS,3,Pina_3,Misael Rojas Solis,2026-02-03,PIÑA FINCAS PRODUCTORAS .xlsx
Pina 3 MISAEL ROJAS R 2,RN-26-00908,0.88,2.56,65.625,99445 PROYECTO VI-813-C6469 CIPROC RN899-922,Pina 3 MISAEL ROJAS R2,Pina,Pina,3,2,MISAEL ROJAS,3,Pina_3,Misael Rojas Solis,2026-02-03,PIÑA FINCAS PRODUCTORAS .xlsx
Pina 3 MISAEL ROJAS R 3,RN-26-00909,0.9,2.57,64.98054474708171,99445 PROYECTO VI-813-C6469 CIPROC RN899-922,Pina 3 MISAEL ROJAS R3,Pina,Pina,3,3,MISAEL ROJAS,3,Pina_3,Misael Rojas Solis,2026-02-03,PIÑA FINCAS PRODUCTORAS .xlsx
Pina 3 MISAEL ROJAS R 4,RN-26-00910,0.84,2.54,66.92913385826772,99445 PROYECTO VI-813-C6469 CIPROC RN899-922,Pina 3 MISAEL ROJAS R4,Pina,Pina,3,4,MISAEL ROJAS,3,Pina_3,Misael Rojas Solis,2026-02-03,PIÑA FINCAS PRODUCTORAS .xlsx
Pina 3 MISAEL ROJAS R 5,RN-26-00911,0.98,2.59,62.16216216216216,99445 PROYECTO VI-813-C6469 CIPROC RN899-922,Pina 3 MISAEL ROJAS R5,Pina,Pina,3,5,MISAEL ROJAS,3,Pina_3,Misael Rojas Solis,2026-02-03,PIÑA FINCAS PRODUCTORAS .xlsx
Pina 3 MISAEL ROJAS R 6,RN-26-00912,0.92,2.57,64.2023346303502,99445 PROYECTO VI-813-C6469 CIPROC RN899-922,Pina 3 MISAEL ROJAS R6,Pina,Pina,3,6,MISAEL ROJAS,3,Pina_3,Misael Rojas Solis,2026-02-03,PIÑA FINCAS PRODUCTORAS .xlsx
Pina 3 MISAEL ROJAS R 7,RN-26-00913,0.85,2.58,67.05426356589147,99445 PROYECTO VI-813-C6469 CIPROC RN899-922,Pina 3 MISAEL ROJAS R7,Pina,Pina,3,7,MISAEL ROJAS,3,Pina_3,Misael Rojas Solis,2026-02-03,PIÑA FINCAS PRODUCTORAS .xlsx
Pina 3 MISAEL ROJAS R 8,RN-26-00914,0.86,2.55,66.27450980392156,99445 PROYECTO VI-813-C6469 CIPROC RN899-922,Pina 3 MISAEL ROJAS R8,Pina,Pina,3,8,MISAEL ROJAS,3,Pina_3,Misael Rojas Solis,2026-02-03,PIÑA FINCAS PRODUCTORAS .xlsx
Pina 4 SERGIO ROJAS R 1,RN-26-00915,0.83,2.6,68.07692307692308,99445 PROYECTO VI-813-C6469 CIPROC RN899-922,Pina 4 SERGIO ROJAS R1,Pina,Pina,4,1,SERGIO ROJAS,4,Pina_4,Sergio Rojas Murillo,2026-02-03,PIÑA FINCAS PRODUCTORAS .xlsx
Pina 4 SERGIO ROJAS R 2,RN-26-00916,0.91,2.49,63.45381526104418,99445 PROYECTO VI-813-C6469 CIPROC RN899-922,Pina 4 SERGIO ROJAS R2,Pina,Pina,4,2,SERGIO ROJAS,4,Pina_4,Sergio Rojas Murillo,2026-02-03,PIÑA FINCAS PRODUCTORAS .xlsx
Pina 4 SERGIO ROJAS R 3,RN-26-00917,1.0,2.45,59.183673469387756,99445 PROYECTO VI-813-C6469 CIPROC RN899-922,Pina 4 SERGIO ROJAS R3,Pina,Pina,4,3,SERGIO ROJAS,4,Pina_4,Sergio Rojas Murillo,2026-02-03,PIÑA FINCAS PRODUCTORAS .xlsx
Pina 4 SERGIO ROJAS R 4,RN-26-00918,1.0,2.47,59.51417004048582,99445 PROYECTO VI-813-C6469 CIPROC RN899-922,Pina 4 SERGIO ROJAS R4,Pina,Pina,4,4,SERGIO ROJAS,4,Pina_4,Sergio Rojas Murillo,2026-02-03,PIÑA FINCAS PRODUCTORAS .xlsx
Pina 4 SERGIO ROJAS R 5,RN-26-00919,0.86,2.49,65.46184738955823,99445 PROYECTO VI-813-C6469 CIPROC RN899-922,Pina 4 SERGIO ROJAS R5,Pina,Pina,4,5,SERGIO ROJAS,4,Pina_4,Sergio Rojas Murillo,2026-02-03,PIÑA FINCAS PRODUCTORAS .xlsx
Pina 4 SERGIO ROJAS R 6,RN-26-00920,0.9,2.47,63.56275303643725,99445 PROYECTO VI-813-C6469 CIPROC RN899-922,Pina 4 SERGIO ROJAS R6,Pina,Pina,4,6,SERGIO ROJAS,4,Pina_4,Sergio Rojas Murillo,2026-02-03,PIÑA FINCAS PRODUCTORAS .xlsx
Pina 4 SERGIO ROJAS R 7,RN-26-00921,0.95,2.49,61.84738955823293,99445 PROYECTO VI-813-C6469 CIPROC RN899-922,Pina 4 SERGIO ROJAS R7,Pina,Pina,4,7,SERGIO ROJAS,4,Pina_4,Sergio Rojas Murillo,2026-02-03,PIÑA FINCAS PRODUCTORAS .xlsx
Pina 4 SERGIO ROJAS R 8,RN-26-00922,0.96,2.47,61.13360323886641,99445 PROYECTO VI-813-C6469 CIPROC RN899-922,Pina 4 SERGIO ROJAS R8,Pina,Pina,4,8,SERGIO ROJAS,4,Pina_4,Sergio Rojas Murillo,2026-02-03,PIÑA FINCAS PRODUCTORAS .xlsx
Pina 5 SERGIO ROJAS R 1,RN-26-00923,0.92,2.6,64.61538461538461,99446 PROYECTO VI-813-C6469 CIPROC RN923-946,Pina 5 SERGIO ROJAS R1,Pina,Pina,5,1,SERGIO ROJAS,5,Pina_5,Sergio Rojas Murillo,2026-02-03,PIÑA FINCAS PRODUCTORAS .xlsx
Pina 5 SERGIO ROJAS R 2,RN-26-00924,0.94,2.61,63.98467432950192,99446 PROYECTO VI-813-C6469 CIPROC RN923-946,Pina 5 SERGIO ROJAS R2,Pina,Pina,5,2,SERGIO ROJAS,5,Pina_5,Sergio Rojas Murillo,2026-02-03,PIÑA FINCAS PRODUCTORAS .xlsx
Pina 5 SERGIO ROJAS R 3,RN-26-00925,0.85,2.62,67.55725190839695,99446 PROYECTO VI-813-C6469 CIPROC RN923-946,Pina 5 SERGIO ROJAS R3,Pina,Pina,5,3,SERGIO ROJAS,5,Pina_5,Sergio Rojas Murillo,2026-02-03,PIÑA FINCAS PRODUCTORAS .xlsx
Pina 5 SERGIO ROJAS R 4,RN-26-00926,0.86,2.62,67.17557251908397,99446 PROYECTO VI-813-C6469 CIPROC RN923-946,Pina 5 SERGIO ROJAS R4,Pina,Pina,5,4,SERGIO ROJAS,5,Pina_5,Sergio Rojas Murillo,2026-02-03,PIÑA FINCAS PRODUCTORAS .xlsx
Pina 5 SERGIO ROJAS R 5,RN-26-00927,0.82,2.56,67.96875,99446 PROYECTO VI-813-C6469 CIPROC RN923-946,Pina 5 SERGIO ROJAS R5,Pina,Pina,5,5,SERGIO ROJAS,5,Pina_5,Sergio Rojas Murillo,2026-02-03,PIÑA FINCAS PRODUCTORAS .xlsx
Pina 5 SERGIO ROJAS R 6,RN-26-00928,0.84,2.62,67.93893129770993,99446 PROYECTO VI-813-C6469 CIPROC RN923-946,Pina 5 SERGIO ROJAS R6,Pina,Pina,5,6,SERGIO ROJAS,5,Pina_5,Sergio Rojas Murillo,2026-02-03,PIÑA FINCAS PRODUCTORAS .xlsx
Pina 5 SERGIO ROJAS R 7,RN-26-00929,0.89,2.6,65.76923076923077,99446 PROYECTO VI-813-C6469 CIPROC RN923-946,Pina 5 SERGIO ROJAS R7,Pina,Pina,5,7,SERGIO ROJAS,5,Pina_5,Sergio Rojas Murillo,2026-02-03,PIÑA FINCAS PRODUCTORAS .xlsx
Pina 5 SERGIO ROJAS R 8,RN-26-00930,0.88,2.62,66.41221374045801,99446 PROYECTO VI-813-C6469 CIPROC RN923-946,Pina 5 SERGIO ROJAS R8,Pina,Pina,5,8,SERGIO ROJAS,5,Pina_5,Sergio Rojas Murillo,2026-02-03,PIÑA FINCAS PRODUCTORAS .xlsx
Pina 6 MARVIN ZAMORA R 1,RN-26-00931,0.96,2.39,59.83263598326361,99446 PROYECTO VI-813-C6469 CIPROC RN923-946,Pina 6 MARVIN ZAMORA R1,Pina,Pina,6,1,MARVIN ZAMORA,6,Pina_6,Marvin Zamora,2026-02-04,PIÑA FINCAS PRODUCTORAS .xlsx
Pina 6 MARVIN ZAMORA R 2,RN-26-00932,1.1,2.43,54.73251028806585,99446 PROYECTO VI-813-C6469 CIPROC RN923-946,Pina 6 MARVIN ZAMORA R2,Pina,Pina,6,2,MARVIN ZAMORA,6,Pina_6,Marvin Zamora,2026-02-04,PIÑA FINCAS PRODUCTORAS .xlsx
Pina 6 MARVIN ZAMORA R 3,RN-26-00933,0.9,2.44,63.11475409836065,99446 PROYECTO VI-813-C6469 CIPROC RN923-946,Pina 6 MARVIN ZAMORA R3,Pina,Pina,6,3,MARVIN ZAMORA,6,Pina_6,Marvin Zamora,2026-02-04,PIÑA FINCAS PRODUCTORAS .xlsx
Pina 6 MARVIN ZAMORA R 4,RN-26-00934,1.0,2.45,59.183673469387756,99446 PROYECTO VI-813-C6469 CIPROC RN923-946,Pina 6 MARVIN ZAMORA R4,Pina,Pina,6,4,MARVIN ZAMORA,6,Pina_6,Marvin Zamora,2026-02-04,PIÑA FINCAS PRODUCTORAS .xlsx
Pina 6 MARVIN ZAMORA R 5,RN-26-00935,1.08,2.39,54.81171548117154,99446 PROYECTO VI-813-C6469 CIPROC RN923-946,Pina 6 MARVIN ZAMORA R5,Pina,Pina,6,5,MARVIN ZAMORA,6,Pina_6,Marvin Zamora,2026-02-04,PIÑA FINCAS PRODUCTORAS .xlsx
Pina 6 MARVIN ZAMORA R 6,RN-26-00936,0.9,2.44,63.11475409836065,99446 PROYECTO VI-813-C6469 CIPROC RN923-946,Pina 6 MARVIN ZAMORA R6,Pina,Pina,6,6,MARVIN ZAMORA,6,Pina_6,Marvin Zamora,2026-02-04,PIÑA FINCAS PRODUCTORAS .xlsx
Pina 6 MARVIN ZAMORA R 7,RN-26-00937,0.89,2.44,63.52459016393443,99446 PROYECTO VI-813-C6469 CIPROC RN923-946,Pina 6 MARVIN ZAMORA R7,Pina,Pina,6,7,MARVIN ZAMORA,6,Pina_6,Marvin Zamora,2026-02-04,PIÑA FINCAS PRODUCTORAS .xlsx
Pina 6 MARVIN ZAMORA R 8,RN-26-00938,0.9,2.45,63.26530612244898,99446 PROYECTO VI-813-C6469 CIPROC RN923-946,Pina 6 MARVIN ZAMORA R8,Pina,Pina,6,8,MARVIN ZAMORA,6,Pina_6,Marvin Zamora,2026-02-04,PIÑA FINCAS PRODUCTORAS .xlsx
Pina 7 ADRIAN RODRIGRUEZ R 1,RN-26-00939,0.92,2.44,62.295081967213115,99446 PROYECTO VI-813-C6469 CIPROC RN923-946,Pina 7 ADRIAN RODRIGRUEZ R1,Pina,Pina,7,1,ADRIAN RODRIGRUEZ,7,Pina_7,Adrian Rodriguez Varela,2026-02-04,PIÑA FINCAS PRODUCTORAS .xlsx
Pina 7 ADRIAN RODRIGRUEZ R 2,RN-26-00940,1.06,2.49,57.42971887550201,99446 PROYECTO VI-813-C6469 CIPROC RN923-946,Pina 7 ADRIAN RODRIGRUEZ R2,Pina,Pina,7,2,ADRIAN RODRIGRUEZ,7,Pina_7,Adrian Rodriguez Varela,2026-02-04,PIÑA FINCAS PRODUCTORAS .xlsx
Pina 7 ADRIAN RODRIGRUEZ R 3,RN-26-00941,1.03,2.49,58.63453815261044,99446 PROYECTO VI-813-C6469 CIPROC RN923-946,Pina 7 ADRIAN RODRIGRUEZ R3,Pina,Pina,7,3,ADRIAN RODRIGRUEZ,7,Pina_7,Adrian Rodriguez Varela,2026-02-04,PIÑA FINCAS PRODUCTORAS .xlsx
Pina 7 ADRIAN RODRIGRUEZ R 4,RN-26-00942,1.02,2.5,59.199999999999996,99446 PROYECTO VI-813-C6469 CIPROC RN923-946,Pina 7 ADRIAN RODRIGRUEZ R4,Pina,Pina,7,4,ADRIAN RODRIGRUEZ,7,Pina_7,Adrian Rodriguez Varela,2026-02-04,PIÑA FINCAS PRODUCTORAS .xlsx
Pina 7 ADRIAN RODRIGRUEZ R 5,RN-26-00943,0.97,2.45,60.40816326530612,99446 PROYECTO VI-813-C6469 CIPROC RN923-946,Pina 7 ADRIAN RODRIGRUEZ R5,Pina,Pina,7,5,ADRIAN RODRIGRUEZ,7,Pina_7,Adrian Rodriguez Varela,2026-02-04,PIÑA FINCAS PRODUCTORAS .xlsx
Pina 7 ADRIAN RODRIGRUEZ R 6,RN-26-00944,0.93,2.5,62.8,99446 PROYECTO VI-813-C6469 CIPROC RN923-946,Pina 7 ADRIAN RODRIGRUEZ R6,Pina,Pina,7,6,ADRIAN RODRIGRUEZ,7,Pina_7,Adrian Rodriguez Varela,2026-02-04,PIÑA FINCAS PRODUCTORAS .xlsx
Pina 7 ADRIAN RODRIGRUEZ R 7,RN-26-00945,1.01,2.49,59.43775100401607,99446 PROYECTO VI-813-C6469 CIPROC RN923-946,Pina 7 ADRIAN RODRIGRUEZ R7,Pina,Pina,7,7,ADRIAN RODRIGRUEZ,7,Pina_7,Adrian Rodriguez Varela,2026-02-04,PIÑA FINCAS PRODUCTORAS .xlsx
Pina 7 ADRIAN RODRIGRUEZ R 8,RN-26-00946,0.98,2.48,60.483870967741936,99446 PROYECTO VI-813-C6469 CIPROC RN923-946,Pina 7 ADRIAN RODRIGRUEZ R8,Pina,Pina,7,8,ADRIAN RODRIGRUEZ,7,Pina_7,Adrian Rodriguez Varela,2026-02-04,PIÑA FINCAS PRODUCTORAS .xlsx
Pina 8 SENEN MURILLO R 1,RN-26-00947,0.83,2.44,65.98360655737704,Pina_Finca8_99447 PROYECTO VI-813-C6469 CIPROC RN947-970,Pina 8 SENEN MURILLO R1,Pina,Pina,8,1,SENEN MURILLO,8,Pina_8,Senen Murillo chavez,2026-02-04,PIÑA FINCAS PRODUCTORAS .xlsx
Pina 8 SENEN MURILLO R 2,RN-26-00948,0.86,2.54,66.14173228346456,Pina_Finca8_99447 PROYECTO VI-813-C6469 CIPROC RN947-970,Pina 8 SENEN MURILLO R2,Pina,Pina,8,2,SENEN MURILLO,8,Pina_8,Senen Murillo chavez,2026-02-04,PIÑA FINCAS PRODUCTORAS .xlsx
Pina 8 SENEN MURILLO R 3,RN-26-00949,0.87,2.61,66.66666666666666,Pina_Finca8_99447 PROYECTO VI-813-C6469 CIPROC RN947-970,Pina 8 SENEN MURILLO R3,Pina,Pina,8,3,SENEN MURILLO,8,Pina_8,Senen Murillo chavez,2026-02-04,PIÑA FINCAS PRODUCTORAS .xlsx
Pina 8 SENEN MURILLO R 4,RN-26-00950,0.86,2.56,66.40625,Pina_Finca8_99447 PROYECTO VI-813-C6469 CIPROC RN947-970,Pina 8 SENEN MURILLO R4,Pina,Pina,8,4,SENEN MURILLO,8,Pina_8,Senen Murillo chavez,2026-02-04,PIÑA FINCAS PRODUCTORAS .xlsx
Pina 8 SENEN MURILLO R 5,RN-26-00951,0.94,2.49,62.24899598393575,Pina_Finca8_99447 PROYECTO VI-813-C6469 CIPROC RN947-970,Pina 8 SENEN MURILLO R5,Pina,Pina,8,5,SENEN MURILLO,8,Pina_8,Senen Murillo chavez,2026-02-04,PIÑA FINCAS PRODUCTORAS .xlsx
Pina 8 SENEN MURILLO R 6,RN-26-00952,0.88,2.62,66.41221374045801,Pina_Finca8_99447 PROYECTO VI-813-C6469 CIPROC RN947-970,Pina 8 SENEN MURILLO R6,Pina,Pina,8,6,SENEN MURILLO,8,Pina_8,Senen Murillo chavez,2026-02-04,PIÑA FINCAS PRODUCTORAS .xlsx
Pina 8 SENEN MURILLO R 7,RN-26-00953,0.91,2.48,63.306451612903224,Pina_Finca8_99447 PROYECTO VI-813-C6469 CIPROC RN947-970,Pina 8 SENEN MURILLO R7,Pina,Pina,8,7,SENEN MURILLO,8,Pina_8,Senen Murillo chavez,2026-02-04,PIÑA FINCAS PRODUCTORAS .xlsx
Pina 8 SENEN MURILLO R 8,RN-26-00954,0.81,2.59,68.72586872586872,Pina_Finca8_99447 PROYECTO VI-813-C6469 CIPROC RN947-970,Pina 8 SENEN MURILLO R8,Pina,Pina,8,8,SENEN MURILLO,8,Pina_8,Senen Murillo chavez,2026-02-04,PIÑA FINCAS PRODUCTORAS .xlsx
BOSQUE 4 SERGIO ROJAS R 1,RN-26-00971,0.68,2.45,72.24489795918367,Pina_Bosque4_99448 PROYECTO VI-813-C6469 CIPROC RN971-978,Bosque 4 SERGIO ROJAS R1,Bosque,Bosque,4,1,SERGIO ROJAS,5,Bosque_4,,2026-02-03,PIÑA FINCAS PRODUCTORAS .xlsx
BOSQUE 4 SERGIO ROJAS R 2,RN-26-00972,0.76,2.47,69.23076923076923,Pina_Bosque4_99448 PROYECTO VI-813-C6469 CIPROC RN971-978,Bosque 4 SERGIO ROJAS R2,Bosque,Bosque,4,2,SERGIO ROJAS,5,Bosque_4,,2026-02-03,PIÑA FINCAS PRODUCTORAS .xlsx
BOSQUE 4 SERGIO ROJAS R 3,RN-26-00973,0.83,2.53,67.19367588932806,Pina_Bosque4_99448 PROYECTO VI-813-C6469 CIPROC RN971-978,Bosque 4 SERGIO ROJAS R3,Bosque,Bosque,4,3,SERGIO ROJAS,5,Bosque_4,,2026-02-03,PIÑA FINCAS PRODUCTORAS .xlsx
BOSQUE 4 SERGIO ROJAS R 4,RN-26-00974,0.62,2.36,73.72881355932203,Pina_Bosque4_99448 PROYECTO VI-813-C6469 CIPROC RN971-978,Bosque 4 SERGIO ROJAS R4,Bosque,Bosque,4,4,SERGIO ROJAS,5,Bosque_4,,2026-02-03,PIÑA FINCAS PRODUCTORAS .xlsx
BOSQUE 4 SERGIO ROJAS R 5,RN-26-00975,0.8,2.45,67.34693877551021,Pina_Bosque4_99448 PROYECTO VI-813-C6469 CIPROC RN971-978,Bosque 4 SERGIO ROJAS R5,Bosque,Bosque,4,5,SERGIO ROJAS,5,Bosque_4,,2026-02-03,PIÑA FINCAS PRODUCTORAS .xlsx
BOSQUE 4 SERGIO ROJAS R 6,RN-26-00976,0.66,2.45,73.06122448979592,Pina_Bosque4_99448 PROYECTO VI-813-C6469 CIPROC RN971-978,Bosque 4 SERGIO ROJAS R6,Bosque,Bosque,4,6,SERGIO ROJAS,5,Bosque_4,,2026-02-03,PIÑA FINCAS PRODUCTORAS .xlsx
BOSQUE 4 SERGIO ROJAS R 7,RN-26-00977,0.79,2.51,68.52589641434263,Pina_Bosque4_99448 PROYECTO VI-813-C6469 CIPROC RN971-978,Bosque 4 SERGIO ROJAS R7,Bosque,Bosque,4,7,SERGIO ROJAS,5,Bosque_4,,2026-02-03,PIÑA FINCAS PRODUCTORAS .xlsx
BOSQUE 4 SERGIO ROJAS R 8,RN-26-00978,0.71,2.53,71.93675889328064,Pina_Bosque4_99448 PROYECTO VI-813-C6469 CIPROC RN971-978,Bosque 4 SERGIO ROJAS R8,Bosque,Bosque,4,8,SERGIO ROJAS,5,Bosque_4,,2026-02-03,PIÑA FINCAS PRODUCTORAS .xlsx
BOSQUE 3 SERGIO ROJAS R 1,RN-26-00963,0.79,2.45,67.75510204081633,Pina_Bosque3_99447 PROYECTO VI-813-C6469 CIPROC RN947-970,Bosque 3 SERGIO ROJAS R1,Bosque,Bosque,3,1,SERGIO ROJAS,4,Bosque_3,,2026-02-03,PIÑA FINCAS PRODUCTORAS .xlsx
BOSQUE 3 SERGIO ROJAS R 2,RN-26-00964,0.74,2.4,69.16666666666667,Pina_Bosque3_99447 PROYECTO VI-813-C6469 CIPROC RN947-970,Bosque 3 SERGIO ROJAS R2,Bosque,Bosque,3,2,SERGIO ROJAS,4,Bosque_3,,2026-02-03,PIÑA FINCAS PRODUCTORAS .xlsx
BOSQUE 3 SERGIO ROJAS R 3,RN-26-00965,0.91,2.49,63.45381526104418,Pina_Bosque3_99447 PROYECTO VI-813-C6469 CIPROC RN947-970,Bosque 3 SERGIO ROJAS R3,Bosque,Bosque,3,3,SERGIO ROJAS,4,Bosque_3,,2026-02-03,PIÑA FINCAS PRODUCTORAS .xlsx
BOSQUE 3 SERGIO ROJAS R 4,RN-26-00966,0.82,2.49,67.0682730923695,Pina_Bosque3_99447 PROYECTO VI-813-C6469 CIPROC RN947-970,Bosque 3 SERGIO ROJAS R4,Bosque,Bosque,3,4,SERGIO ROJAS,4,Bosque_3,,2026-02-03,PIÑA FINCAS PRODUCTORAS .xlsx
BOSQUE 3 SERGIO ROJAS R 5,RN-26-00967,0.95,2.51,62.15139442231076,Pina_Bosque3_99447 PROYECTO VI-813-C6469 CIPROC RN947-970,Bosque 3 SERGIO ROJAS R5,Bosque,Bosque,3,5,SERGIO ROJAS,4,Bosque_3,,2026-02-03,PIÑA FINCAS PRODUCTORAS .xlsx
BOSQUE 3 SERGIO ROJAS R 6,RN-26-00968,0.77,2.35,67.2340425531915,Pina_Bosque3_99447 PROYECTO VI-813-C6469 CIPROC RN947-970,Bosque 3 SERGIO ROJAS R6,Bosque,Bosque,3,6,SERGIO ROJAS,4,Bosque_3,,2026-02-03,PIÑA FINCAS PRODUCTORAS .xlsx
BOSQUE 3 SERGIO ROJAS R 7,RN-26-00969,0.87,2.53,65.61264822134387,Pina_Bosque3_99447 PROYECTO VI-813-C6469 CIPROC RN947-970,Bosque 3 SERGIO ROJAS R7,Bosque,Bosque,3,7,SERGIO ROJAS,4,Bosque_3,,2026-02-03,PIÑA FINCAS PRODUCTORAS .xlsx
BOSQUE 3 SERGIO ROJAS R 8,RN-26-00970,0.85,2.53,66.40316205533597,Pina_Bosque3_99447 PROYECTO VI-813-C6469 CIPROC RN947-970,Bosque 3 SERGIO ROJAS R8,Bosque,Bosque,3,8,SERGIO ROJAS,4,Bosque_3,,2026-02-03,PIÑA FINCAS PRODUCTORAS .xlsx
BOSQUE 2 MISAEL ROJAS R 1,RN-26-00955,0.56,2.51,77.68924302788844,Pina_Bosque2_99447 PROYECTO VI-813-C6469 CIPROC RN947-970,Bosque 2 MISAEL ROJAS R1,Bosque,Bosque,2,1,MISAEL ROJAS,3,Bosque_2,,2026-02-03,PIÑA FINCAS PRODUCTORAS .xlsx
BOSQUE 2 MISAEL ROJAS R 2,RN-26-00956,0.73,2.47,70.44534412955466,Pina_Bosque2_99447 PROYECTO VI-813-C6469 CIPROC RN947-970,Bosque 2 MISAEL ROJAS R2,Bosque,Bosque,2,2,MISAEL ROJAS,3,Bosque_2,,2026-02-03,PIÑA FINCAS PRODUCTORAS .xlsx
BOSQUE 2 MISAEL ROJAS R 3,RN-26-00957,0.71,2.55,72.15686274509804,Pina_Bosque2_99447 PROYECTO VI-813-C6469 CIPROC RN947-970,Bosque 2 MISAEL ROJAS R3,Bosque,Bosque,2,3,MISAEL ROJAS,3,Bosque_2,,2026-02-03,PIÑA FINCAS PRODUCTORAS .xlsx
BOSQUE 2 MISAEL ROJAS R 4,RN-26-00958,0.73,2.37,69.19831223628692,Pina_Bosque2_99447 PROYECTO VI-813-C6469 CIPROC RN947-970,Bosque 2 MISAEL ROJAS R4,Bosque,Bosque,2,4,MISAEL ROJAS,3,Bosque_2,,2026-02-03,PIÑA FINCAS PRODUCTORAS .xlsx
BOSQUE 2 MISAEL ROJAS R 5,RN-26-00959,0.8,2.57,68.8715953307393,Pina_Bosque2_99447 PROYECTO VI-813-C6469 CIPROC RN947-970,Bosque 2 MISAEL ROJAS R5,Bosque,Bosque,2,5,MISAEL ROJAS,3,Bosque_2,,2026-02-03,PIÑA FINCAS PRODUCTORAS .xlsx
BOSQUE 2 MISAEL ROJAS R 6,RN-26-00960,0.77,2.48,68.9516129032258,Pina_Bosque2_99447 PROYECTO VI-813-C6469 CIPROC RN947-970,Bosque 2 MISAEL ROJAS R6,Bosque,Bosque,2,6,MISAEL ROJAS,3,Bosque_2,,2026-02-03,PIÑA FINCAS PRODUCTORAS .xlsx
BOSQUE 2 MISAEL ROJAS R 7,RN-26-00961,0.8,2.54,68.50393700787401,Pina_Bosque2_99447 PROYECTO VI-813-C6469 CIPROC RN947-970,Bosque 2 MISAEL ROJAS R7,Bosque,Bosque,2,7,MISAEL ROJAS,3,Bosque_2,,2026-02-03,PIÑA FINCAS PRODUCTORAS .xlsx
BOSQUE 2 MISAEL ROJAS R 8,RN-26-00962,0.8,2.55,68.62745098039215,Pina_Bosque2_99447 PROYECTO VI-813-C6469 CIPROC RN947-970,Bosque 2 MISAEL ROJAS R8,Bosque,Bosque,2,8,MISAEL ROJAS,3,Bosque_2,,2026-02-03,PIÑA FINCAS PRODUCTORAS .xlsx
