id_usuario,id_lab,humedad_gravimetrica_0_33_bar,humedad_gravimetrica_15_bar,agua_util,xls_origen,id_usuario_normalizado,zona,tratamiento,lote,repeticion,productor,finca_id,parcela,productor_ficha,fecha_ficha,fuente_diseno
Pina 1 VICTOR TREJOS R1,RN-26-00863,39.22,25.47,13.75,99443 PROYECTO VI-813-C6469 CIPROC RN863-868,Pina 1 VICTOR TREJOS R1,Pina,Pina,1,1,VICTOR TREJOS,1,Pina_1,Victor Trejos Sanchez,2026-02-03,PIÑA FINCAS PRODUCTORAS .xlsx
Pina 1 VICTOR TREJOS R2,RN-26-00864,43.26,26.64,16.619999999999997,99443 PROYECTO VI-813-C6469 CIPROC RN863-868,Pina 1 VICTOR TREJOS R2,Pina,Pina,1,2,VICTOR TREJOS,1,Pina_1,Victor Trejos Sanchez,2026-02-03,PIÑA FINCAS PRODUCTORAS .xlsx
Pina 1 VICTOR TREJOS R3,RN-26-00865,41.16,25.34,15.819999999999997,99443 PROYECTO VI-813-C6469 CIPROC RN863-868,Pina 1 VICTOR TREJOS R3,Pina,Pina,1,3,VICTOR TREJOS,1,Pina_1,Victor Trejos Sanchez,2026-02-03,PIÑA FINCAS PRODUCTORAS .xlsx
BOSQUE 1 - R1,RN-26-00866,62.37,29.86,32.51,99443 PROYECTO VI-813-C6469 CIPROC RN863-868,Bosque 1 R1,Bosque,Bosque,1,1,,1,Bosque_1,,2026-02-03,PIÑA FINCAS PRODUCTORAS .xlsx
BOSQUE 1 - R2,RN-26-00867,60.37,29.07,31.299999999999997,99443 PROYECTO VI-813-C6469 CIPROC RN863-868,Bosque 1 R2,Bosque,Bosque,1,2,,1,Bosque_1,,2026-02-03,PIÑA FINCAS PRODUCTORAS .xlsx
BOSQUE 1 - R3,RN-26-00868,59.54,31.21,28.33,99443 PROYECTO VI-813-C6469 CIPROC RN863-868,Bosque 1 R3,Bosque,Bosque,1,3,,1,Bosque_1,,2026-02-03,PIÑA FINCAS PRODUCTORAS .xlsx
Pina 2 ALONSO CHACON R1,RN-26-00869,40.42,25.06,15.360000000000003,99444 PROYECTO VI-813-C6469 CIPROC RN869-898,Pina 2 ALONSO CHACON R1,Pina,Pina,2,1,ALONSO CHACON,2,Pina_2,Alonso Chacon ultima fica,2026-02-04,PIÑA FINCAS PRODUCTORAS .xlsx
Pina 2 ALONSO CHACON R2,RN-26-00870,40.13,25.14,14.990000000000002,99444 PROYECTO VI-813-C6469 CIPROC RN869-898,Pina 2 ALONSO CHACON R2,Pina,Pina,2,2,ALONSO CHACON,2,Pina_2,Alonso Chacon ultima fica,2026-02-04,PIÑA FINCAS PRODUCTORAS .xlsx
Pina 2 ALONSO CHACON R3,RN-26-00871,44.79,25.83,18.96,99444 PROYECTO VI-813-C6469 CIPROC RN869-898,Pina 2 ALONSO CHACON R3,Pina,Pina,2,3,ALONSO CHACON,2,Pina_2,Alonso Chacon ultima fica,2026-02-04,PIÑA FINCAS PRODUCTORAS .xlsx
Pina 3 MISAEL ROJAS R1,RN-26-00872,41.18,28.77,12.41,99444 PROYECTO VI-813-C6469 CIPROC RN869-898,Pina 3 MISAEL ROJAS R1,Pina,Pina,3,1,MISAEL ROJAS,3,Pina_3,Misael Rojas Solis,2026-02-03,PIÑA FINCAS PRODUCTORAS .xlsx
Pina 3 MISAEL ROJAS R2,RN-26-00873,40.86,28.25,12.61,99444 PROYECTO VI-813-C6469 CIPROC RN869-898,Pina 3 MISAEL ROJAS R2,Pina,Pina,3,2,MISAEL ROJAS,3,Pina_3,Misael Rojas Solis,2026-02-03,PIÑA FINCAS PRODUCTORAS .xlsx
Pina 3 MISAEL ROJAS R3,RN-26-00874,40.34,28.57,11.770000000000003,99444 PROYECTO VI-813-C6469 CIPROC RN869-898,Pina 3 MISAEL ROJAS R3,Pina,Pina,3,3,MISAEL ROJAS,3,Pina_3,Misael Rojas Solis,2026-02-03,PIÑA FINCAS PRODUCTORAS .xlsx
Pina 4 SERGIO ROJAS R1,RN-26-00875,36.86,24.65,12.21,99444 PROYECTO VI-813-C6469 CIPROC RN869-898,Pina 4 SERGIO ROJAS R1,Pina,Pina,4,1,SERGIO ROJAS,4,Pina_4,Sergio Rojas Murillo,2026-02-03,PIÑA FINCAS PRODUCTORAS .xlsx
Pina 4 SERGIO ROJAS R2,RN-26-00876,47.29,24.62,22.669999999999998,99444 PROYECTO VI-813-C6469 CIPROC RN869-898,Pina 4 SERGIO ROJAS R2,Pina,Pina,4,2,SERGIO ROJAS,4,Pina_4,Sergio Rojas Murillo,2026-02-03,PIÑA FINCAS PRODUCTORAS .xlsx
Pina 4 SERGIO ROJAS R3,RN-26-00877,34.75,25.87,8.879999999999999,99444 PROYECTO VI-813-C6469 CIPROC RN869-898,Pina 4 SERGIO ROJAS R3,Pina,Pina,4,3,SERGIO ROJAS,4,Pina_4,Sergio Rojas Murillo,2026-02-03,PIÑA FINCAS PRODUCTORAS .xlsx
Pina 5 SERGIO ROJAS R1,RN-26-00878,48.9,25.24,23.66,99444 PROYECTO VI-813-C6469 CIPROC RN869-898,Pina 5 SERGIO ROJAS R1,Pina,Pina,5,1,SERGIO ROJAS,5,Pina_5,Sergio Rojas Murillo,2026-02-03,PIÑA FINCAS PRODUCTORAS .xlsx
Pina 5 SERGIO ROJAS R2,RN-26-00879,45.52,25.79,19.730000000000004,99444 PROYECTO VI-813-C6469 CIPROC RN869-898,Pina 5 SERGIO ROJAS R2,Pina,Pina,5,2,SERGIO ROJAS,5,Pina_5,Sergio Rojas Murillo,2026-02-03,PIÑA FINCAS PRODUCTORAS .xlsx
Pina 5 SERGIO ROJAS R3,RN-26-00880,46.77,25.28,21.490000000000002,99444 PROYECTO VI-813-C6469 CIPROC RN869-898,Pina 5 SERGIO ROJAS R3,Pina,Pina,5,3,SERGIO ROJAS,5,Pina_5,Sergio Rojas Murillo,2026-02-03,PIÑA FINCAS PRODUCTORAS .xlsx
Pina 6 MARVIN ZAMORA R1,RN-26-00881,41.13,26.3,14.830000000000002,99444 PROYECTO VI-813-C6469 CIPROC RN869-898,Pina 6 MARVIN ZAMORA R1,Pina,Pina,6,1,MARVIN ZAMORA,6,Pina_6,Marvin Zamora,2026-02-04,PIÑA FINCAS PRODUCTORAS .xlsx
Pina 6 MARVIN ZAMORA R2,RN-26-00882,35.65,26.57,9.079999999999998,99444 PROYECTO VI-813-C6469 CIPROC RN869-898,Pina 6 MARVIN ZAMORA R2,Pina,Pina,6,2,MARVIN ZAMORA,6,Pina_6,Marvin Zamora,2026-02-04,PIÑA FINCAS PRODUCTORAS .xlsx
Pina 6 MARVIN ZAMORA R3,RN-26-00883,38.08,25.82,12.259999999999998,99444 PROYECTO VI-813-C6469 CIPROC RN869-898,Pina 6 MARVIN ZAMORA R3,Pina,Pina,6,3,MARVIN ZAMORA,6,Pina_6,Marvin Zamora,2026-02-04,PIÑA FINCAS PRODUCTORAS .xlsx
Pina 7 ADRIAN RODRIGRUEZ R1,RN-26-00884,40.39,28.48,11.91,99444 PROYECTO VI-813-C6469 CIPROC RN869-898,Pina 7 ADRIAN RODRIGRUEZ R1,Pina,Pina,7,1,ADRIAN RODRIGRUEZ,7,Pina_7,Adrian Rodriguez Varela,2026-02-04,PIÑA FINCAS PRODUCTORAS .xlsx
Pina 7 ADRIAN RODRIGRUEZ R2,RN-26-00885,46.21,28.35,17.86,99444 PROYECTO VI-813-C6469 CIPROC RN869-898,Pina 7 ADRIAN RODRIGRUEZ R2,Pina,Pina,7,2,ADRIAN RODRIGRUEZ,7,Pina_7,Adrian Rodriguez Varela,2026-02-04,PIÑA FINCAS PRODUCTORAS .xlsx
Pina 7 ADRIAN RODRIGRUEZ R3,RN-26-00886,42.05,28.52,13.529999999999998,99444 PROYECTO VI-813-C6469 CIPROC RN869-898,Pina 7 ADRIAN RODRIGRUEZ R3,Pina,Pina,7,3,ADRIAN RODRIGRUEZ,7,Pina_7,Adrian Rodriguez Varela,2026-02-04,PIÑA FINCAS PRODUCTORAS .xlsx
Pina 8 SENEN MURILLO R1,RN-26-00887,43.89,28.09,15.8,99444 PROYECTO VI-813-C6469 CIPROC RN869-898 | Pina_Finca8_99444 PROYECTO VI-813-C6469 CIPROC RN869-898,Pina 8 SENEN MURILLO R1,Pina,Pina,8,1,SENEN MURILLO,8,Pina_8,Senen Murillo chavez,2026-02-04,PIÑA FINCAS PRODUCTORAS .xlsx
Pina 8 SENEN MURILLO R2,RN-26-00888,44.02,28.62,15.400000000000002,99444 PROYECTO VI-813-C6469 CIPROC RN869-898 | Pina_Finca8_99444 PROYECTO VI-813-C6469 CIPROC RN869-898,Pina 8 SENEN MURILLO R2,Pina,Pina,8,2,SENEN MURILLO,8,Pina_8,Senen Murillo chavez,2026-02-04,PIÑA FINCAS PRODUCTORAS .xlsx
Pina 8 SENEN MURILLO R3,RN-26-00889,55.9,29.69,26.209999999999997,99444 PROYECTO VI-813-C6469 CIPROC RN869-898 | Pina_Finca8_99444 PROYECTO VI-813-C6469 CIPROC RN869-898,Pina 8 SENEN MURILLO R3,Pina,Pina,8,3,SENEN MURILLO,8,Pina_8,Senen Murillo chavez,2026-02-04,PIÑA FINCAS PRODUCTORAS .xlsx
BOSQUE 2 MISAEL ROJAS R1,RN-26-00890,61.05,32.34,28.709999999999994,99444 PROYECTO VI-813-C6469 CIPROC RN869-898,Bosque 2 MISAEL ROJAS R1,Bosque,Bosque,2,1,MISAEL ROJAS,3,Bosque_2,,2026-02-03,PIÑA FINCAS PRODUCTORAS .xlsx
BOSQUE 2 MISAEL ROJAS R2,RN-26-00891,79.63,32.41,47.22,99444 PROYECTO VI-813-C6469 CIPROC RN869-898,Bosque 2 MISAEL ROJAS R2,Bosque,Bosque,2,2,MISAEL ROJAS,3,Bosque_2,,2026-02-03,PIÑA FINCAS PRODUCTORAS .xlsx
BOSQUE 2 MISAEL ROJAS R3,RN-26-00892,66.86,32.6,34.26,99444 PROYECTO VI-813-C6469 CIPROC RN869-898,Bosque 2 MISAEL ROJAS R3,Bosque,Bosque,2,3,MISAEL ROJAS,3,Bosque_2,,2026-02-03,PIÑA FINCAS PRODUCTORAS .xlsx
BOSQUE 3 SERGIO ROJAS R1,RN-26-00893,39.56,27.72,11.840000000000003,99444 PROYECTO VI-813-C6469 CIPROC RN869-898,Bosque 3 SERGIO ROJAS R1,Bosque,Bosque,3,1,SERGIO ROJAS,4,Bosque_3,,2026-02-03,PIÑA FINCAS PRODUCTORAS .xlsx
BOSQUE 3 SERGIO ROJAS R2,RN-26-00894,53.06,27.97,25.090000000000003,99444 PROYECTO VI-813-C6469 CIPROC RN869-898,Bosque 3 SERGIO ROJAS R2,Bosque,Bosque,3,2,SERGIO ROJAS,4,Bosque_3,,2026-02-03,PIÑA FINCAS PRODUCTORAS .xlsx
BOSQUE 3 SERGIO ROJAS R3,RN-26-00895,62.65,27.86,34.79,99444 PROYECTO VI-813-C6469 CIPROC RN869-898,Bosque 3 SERGIO ROJAS R3,Bosque,Bosque,3,3,SERGIO ROJAS,4,Bosque_3,,2026-02-03,PIÑA FINCAS PRODUCTORAS .xlsx
BOSQUE 4 SERGIO ROJAS R1,RN-26-00896,85.33,29.47,55.86,99444 PROYECTO VI-813-C6469 CIPROC RN869-898,Bosque 4 SERGIO ROJAS R1,Bosque,Bosque,4,1,SERGIO ROJAS,5,Bosque_4,,2026-02-03,PIÑA FINCAS PRODUCTORAS .xlsx
BOSQUE 4 SERGIO ROJAS R2,RN-26-00897,82.68,29.56,53.120000000000005,99444 PROYECTO VI-813-C6469 CIPROC RN869-898,Bosque 4 SERGIO ROJAS R2,Bosque,Bosque,4,2,SERGIO ROJAS,5,Bosque_4,,2026-02-03,PIÑA FINCAS PRODUCTORAS .xlsx
BOSQUE 4 SERGIO ROJAS R3,RN-26-00898,69.33,29.06,40.269999999999996,99444 PROYECTO VI-813-C6469 CIPROC RN869-898,Bosque 4 SERGIO ROJAS R3,Bosque,Bosque,4,3,SERGIO ROJAS,5,Bosque_4,,2026-02-03,PIÑA FINCAS PRODUCTORAS .xlsx
