id_usuario,id_lab,arena,limo,arcilla,clase_textural,estabilidad_de_agregados,xls_origen,id_usuario_normalizado,zona,tratamiento,lote,repeticion,productor,finca_id,parcela,productor_ficha,fecha_ficha,fuente_diseno
Pina 1-1,RN-26-00441,15.0,29.0,56.0,Arcilloso,86.0,98536 PROYECTO VI-813-C6469 CIPROC RN441-446,Pina 1 R1,Pina,Pina,1,1,,1,Pina_1,Victor Trejos Sanchez,2026-02-03,PIÑA FINCAS PRODUCTORAS .xlsx
Pina 1-2,RN-26-00442,15.0,27.0,58.0,Arcilloso,94.0,98536 PROYECTO VI-813-C6469 CIPROC RN441-446,Pina 1 R2,Pina,Pina,1,2,,1,Pina_1,Victor Trejos Sanchez,2026-02-03,PIÑA FINCAS PRODUCTORAS .xlsx
Pina 1-3,RN-26-00443,14.0,28.0,58.0,Arcilloso,90.0,98536 PROYECTO VI-813-C6469 CIPROC RN441-446,Pina 1 R3,Pina,Pina,1,3,,1,Pina_1,Victor Trejos Sanchez,2026-02-03,PIÑA FINCAS PRODUCTORAS .xlsx
BOSQUE 1-1,RN-26-00444,10.0,22.0,68.0,Arcilloso,17.0,98536 PROYECTO VI-813-C6469 CIPROC RN441-446,Bosque 1 R1,Bosque,Bosque,1,1,,1,Bosque_1,,2026-02-03,PIÑA FINCAS PRODUCTORAS .xlsx
BOSQUE 1-2,RN-26-00445,9.0,23.0,68.0,Arcilloso,84.0,98536 PROYECTO VI-813-C6469 CIPROC RN441-446,Bosque 1 R2,Bosque,Bosque,1,2,,1,Bosque_1,,2026-02-03,PIÑA FINCAS PRODUCTORAS .xlsx
BOSQUE 1-3,RN-26-00446,12.0,24.0,64.0,Arcilloso,83.0,98536 PROYECTO VI-813-C6469 CIPROC RN441-446,Bosque 1 R3,Bosque,Bosque,1,3,,1,Bosque_1,,2026-02-03,PIÑA FINCAS PRODUCTORAS .xlsx
Pina 2 ALONSO CHACON R1,RN-26-00869,9.0,36.0,55.0,Arcilloso,88.0,99444 PROYECTO VI-813-C6469 CIPROC RN869-898,Pina 2 ALONSO CHACON R1,Pina,Pina,2,1,ALONSO CHACON,2,Pina_2,Alonso Chacon ultima fica,2026-02-04,PIÑA FINCAS PRODUCTORAS .xlsx
Pina 2 ALONSO CHACON R2,RN-26-00870,12.0,36.0,52.0,Arcilloso,85.0,99444 PROYECTO VI-813-C6469 CIPROC RN869-898,Pina 2 ALONSO CHACON R2,Pina,Pina,2,2,ALONSO CHACON,2,Pina_2,Alonso Chacon ultima fica,2026-02-04,PIÑA FINCAS PRODUCTORAS .xlsx
Pina 2 ALONSO CHACON R3,RN-26-00871,12.0,35.0,53.0,Arcilloso,88.0,99444 PROYECTO VI-813-C6469 CIPROC RN869-898,Pina 2 ALONSO CHACON R3,Pina,Pina,2,3,ALONSO CHACON,2,Pina_2,Alonso Chacon ultima fica,2026-02-04,PIÑA FINCAS PRODUCTORAS .xlsx
Pina 3 MISAEL ROJAS R1,RN-26-00872,7.0,24.0,69.0,Arcilloso,92.0,99444 PROYECTO VI-813-C6469 CIPROC RN869-898,Pina 3 MISAEL ROJAS R1,Pina,Pina,3,1,MISAEL ROJAS,3,Pina_3,Misael Rojas Solis,2026-02-03,PIÑA FINCAS PRODUCTORAS .xlsx
Pina 3 MISAEL ROJAS R2,RN-26-00873,7.0,24.0,69.0,Arcilloso,89.0,99444 PROYECTO VI-813-C6469 CIPROC RN869-898,Pina 3 MISAEL ROJAS R2,Pina,Pina,3,2,MISAEL ROJAS,3,Pina_3,Misael Rojas Solis,2026-02-03,PIÑA FINCAS PRODUCTORAS .xlsx
Pina 3 MISAEL ROJAS R3,RN-26-00874,7.0,24.0,69.0,Arcilloso,87.0,99444 PROYECTO VI-813-C6469 CIPROC RN869-898,Pina 3 MISAEL ROJAS R3,Pina,Pina,3,3,MISAEL ROJAS,3,Pina_3,Misael Rojas Solis,2026-02-03,PIÑA FINCAS PRODUCTORAS .xlsx
Pina 4 SERGIO ROJAS R1,RN-26-00875,9.0,31.0,60.0,Arcilloso,94.0,99444 PROYECTO VI-813-C6469 CIPROC RN869-898,Pina 4 SERGIO ROJAS R1,Pina,Pina,4,1,SERGIO ROJAS,4,Pina_4,Sergio Rojas Murillo,2026-02-03,PIÑA FINCAS PRODUCTORAS .xlsx
Pina 4 SERGIO ROJAS R2,RN-26-00876,12.0,27.0,61.0,Arcilloso,94.0,99444 PROYECTO VI-813-C6469 CIPROC RN869-898,Pina 4 SERGIO ROJAS R2,Pina,Pina,4,2,SERGIO ROJAS,4,Pina_4,Sergio Rojas Murillo,2026-02-03,PIÑA FINCAS PRODUCTORAS .xlsx
Pina 4 SERGIO ROJAS R3,RN-26-00877,12.0,27.0,61.0,Arcilloso,94.0,99444 PROYECTO VI-813-C6469 CIPROC RN869-898,Pina 4 SERGIO ROJAS R3,Pina,Pina,4,3,SERGIO ROJAS,4,Pina_4,Sergio Rojas Murillo,2026-02-03,PIÑA FINCAS PRODUCTORAS .xlsx
Pina 5 SERGIO ROJAS R1,RN-26-00878,18.0,32.0,50.0,Arcilloso,98.0,99444 PROYECTO VI-813-C6469 CIPROC RN869-898,Pina 5 SERGIO ROJAS R1,Pina,Pina,5,1,SERGIO ROJAS,5,Pina_5,Sergio Rojas Murillo,2026-02-03,PIÑA FINCAS PRODUCTORAS .xlsx
Pina 5 SERGIO ROJAS R2,RN-26-00879,17.0,34.0,49.0,Arcilloso,98.0,99444 PROYECTO VI-813-C6469 CIPROC RN869-898,Pina 5 SERGIO ROJAS R2,Pina,Pina,5,2,SERGIO ROJAS,5,Pina_5,Sergio Rojas Murillo,2026-02-03,PIÑA FINCAS PRODUCTORAS .xlsx
Pina 5 SERGIO ROJAS R3,RN-26-00880,18.0,35.0,47.0,Arcilloso,98.0,99444 PROYECTO VI-813-C6469 CIPROC RN869-898,Pina 5 SERGIO ROJAS R3,Pina,Pina,5,3,SERGIO ROJAS,5,Pina_5,Sergio Rojas Murillo,2026-02-03,PIÑA FINCAS PRODUCTORAS .xlsx
Pina 6 MARVIN ZAMORA R1,RN-26-00881,12.0,28.0,60.0,Arcilloso,96.0,99444 PROYECTO VI-813-C6469 CIPROC RN869-898,Pina 6 MARVIN ZAMORA R1,Pina,Pina,6,1,MARVIN ZAMORA,6,Pina_6,Marvin Zamora,2026-02-04,PIÑA FINCAS PRODUCTORAS .xlsx
Pina 6 MARVIN ZAMORA R2,RN-26-00882,14.0,26.0,60.0,Arcilloso,96.0,99444 PROYECTO VI-813-C6469 CIPROC RN869-898,Pina 6 MARVIN ZAMORA R2,Pina,Pina,6,2,MARVIN ZAMORA,6,Pina_6,Marvin Zamora,2026-02-04,PIÑA FINCAS PRODUCTORAS .xlsx
Pina 6 MARVIN ZAMORA R3,RN-26-00883,12.0,27.0,61.0,Arcilloso,95.0,99444 PROYECTO VI-813-C6469 CIPROC RN869-898,Pina 6 MARVIN ZAMORA R3,Pina,Pina,6,3,MARVIN ZAMORA,6,Pina_6,Marvin Zamora,2026-02-04,PIÑA FINCAS PRODUCTORAS .xlsx
Pina 7 ADRIAN RODRIGRUEZ R1,RN-26-00884,7.0,25.0,68.0,Arcilloso,93.0,99444 PROYECTO VI-813-C6469 CIPROC RN869-898,Pina 7 ADRIAN RODRIGRUEZ R1,Pina,Pina,7,1,ADRIAN RODRIGRUEZ,7,Pina_7,Adrian Rodriguez Varela,2026-02-04,PIÑA FINCAS PRODUCTORAS .xlsx
Pina 7 ADRIAN RODRIGRUEZ R2,RN-26-00885,9.0,23.0,68.0,Arcilloso,93.0,99444 PROYECTO VI-813-C6469 CIPROC RN869-898,Pina 7 ADRIAN RODRIGRUEZ R2,Pina,Pina,7,2,ADRIAN RODRIGRUEZ,7,Pina_7,Adrian Rodriguez Varela,2026-02-04,PIÑA FINCAS PRODUCTORAS .xlsx
Pina 7 ADRIAN RODRIGRUEZ R3,RN-26-00886,7.0,27.0,66.0,Arcilloso,89.0,99444 PROYECTO VI-813-C6469 CIPROC RN869-898,Pina 7 ADRIAN RODRIGRUEZ R3,Pina,Pina,7,3,ADRIAN RODRIGRUEZ,7,Pina_7,Adrian Rodriguez Varela,2026-02-04,PIÑA FINCAS PRODUCTORAS .xlsx
Pina 8 SENEN MURILLO R1,RN-26-00887,13.0,23.0,64.0,Arcilloso,97.0,99444 PROYECTO VI-813-C6469 CIPROC RN869-898 | Pina_Finca8_99444 PROYECTO VI-813-C6469 CIPROC RN869-898,Pina 8 SENEN MURILLO R1,Pina,Pina,8,1,SENEN MURILLO,8,Pina_8,Senen Murillo chavez,2026-02-04,PIÑA FINCAS PRODUCTORAS .xlsx
Pina 8 SENEN MURILLO R2,RN-26-00888,10.0,25.0,65.0,Arcilloso,98.0,99444 PROYECTO VI-813-C6469 CIPROC RN869-898 | Pina_Finca8_99444 PROYECTO VI-813-C6469 CIPROC RN869-898,Pina 8 SENEN MURILLO R2,Pina,Pina,8,2,SENEN MURILLO,8,Pina_8,Senen Murillo chavez,2026-02-04,PIÑA FINCAS PRODUCTORAS .xlsx
Pina 8 SENEN MURILLO R3,RN-26-00889,10.0,25.0,65.0,Arcilloso,96.0,99444 PROYECTO VI-813-C6469 CIPROC RN869-898 | Pina_Finca8_99444 PROYECTO VI-813-C6469 CIPROC RN869-898,Pina 8 SENEN MURILLO R3,Pina,Pina,8,3,SENEN MURILLO,8,Pina_8,Senen Murillo chavez,2026-02-04,PIÑA FINCAS PRODUCTORAS .xlsx
BOSQUE 2 MISAEL ROJAS R1,RN-26-00890,9.0,28.0,63.0,Arcilloso,96.0,99444 PROYECTO VI-813-C6469 CIPROC RN869-898,Bosque 2 MISAEL ROJAS R1,Bosque,Bosque,2,1,MISAEL ROJAS,3,Bosque_2,,2026-02-03,PIÑA FINCAS PRODUCTORAS .xlsx
BOSQUE 2 MISAEL ROJAS R2,RN-26-00891,10.0,27.0,63.0,Arcilloso,88.0,99444 PROYECTO VI-813-C6469 CIPROC RN869-898,Bosque 2 MISAEL ROJAS R2,Bosque,Bosque,2,2,MISAEL ROJAS,3,Bosque_2,,2026-02-03,PIÑA FINCAS PRODUCTORAS .xlsx
BOSQUE 2 MISAEL ROJAS R3,RN-26-00892,10.0,27.0,63.0,Arcilloso,89.0,99444 PROYECTO VI-813-C6469 CIPROC RN869-898,Bosque 2 MISAEL ROJAS R3,Bosque,Bosque,2,3,MISAEL ROJAS,3,Bosque_2,,2026-02-03,PIÑA FINCAS PRODUCTORAS .xlsx
BOSQUE 3 SERGIO ROJAS R1,RN-26-00893,14.0,32.0,54.0,Arcilloso,97.0,99444 PROYECTO VI-813-C6469 CIPROC RN869-898,Bosque 3 SERGIO ROJAS R1,Bosque,Bosque,3,1,SERGIO ROJAS,4,Bosque_3,,2026-02-03,PIÑA FINCAS PRODUCTORAS .xlsx
BOSQUE 3 SERGIO ROJAS R2,RN-26-00894,15.0,31.0,54.0,Arcilloso,98.0,99444 PROYECTO VI-813-C6469 CIPROC RN869-898,Bosque 3 SERGIO ROJAS R2,Bosque,Bosque,3,2,SERGIO ROJAS,4,Bosque_3,,2026-02-03,PIÑA FINCAS PRODUCTORAS .xlsx
BOSQUE 3 SERGIO ROJAS R3,RN-26-00895,15.0,31.0,54.0,Arcilloso,97.0,99444 PROYECTO VI-813-C6469 CIPROC RN869-898,Bosque 3 SERGIO ROJAS R3,Bosque,Bosque,3,3,SERGIO ROJAS,4,Bosque_3,,2026-02-03,PIÑA FINCAS PRODUCTORAS .xlsx
BOSQUE 4 SERGIO ROJAS R1,RN-26-00896,13.0,26.0,61.0,Arcilloso,94.0,99444 PROYECTO VI-813-C6469 CIPROC RN869-898,Bosque 4 SERGIO ROJAS R1,Bosque,Bosque,4,1,SERGIO ROJAS,5,Bosque_4,,2026-02-03,PIÑA FINCAS PRODUCTORAS .xlsx
BOSQUE 4 SERGIO ROJAS R2,RN-26-00897,13.0,26.0,61.0,Arcilloso,97.0,99444 PROYECTO VI-813-C6469 CIPROC RN869-898,Bosque 4 SERGIO ROJAS R2,Bosque,Bosque,4,2,SERGIO ROJAS,5,Bosque_4,,2026-02-03,PIÑA FINCAS PRODUCTORAS .xlsx
BOSQUE 4 SERGIO ROJAS R3,RN-26-00898,13.0,27.0,60.0,Arcilloso,97.0,99444 PROYECTO VI-813-C6469 CIPROC RN869-898,Bosque 4 SERGIO ROJAS R3,Bosque,Bosque,4,3,SERGIO ROJAS,5,Bosque_4,,2026-02-03,PIÑA FINCAS PRODUCTORAS .xlsx
